Team,First,Last,OVR,POS,Age,College,Speed,Acceleration
Cardinals,Lyle,Sendlein  ,72,C,25,Texas,,
Cardinals,Brandon,Keith  ,69,C,22,Northern Iowa,,
Cardinals,Dominique,Rodgers-Cromartie,87,CB,23,Tennessee St.,96,97
Cardinals,Bryant,McFadden  ,78,CB,28,Florida State,85,87
Cardinals,Wilrey,Fontenot  ,60,CB,24,Arizona,88,89
Cardinals,Gregory,Toler  ,59,CB,24,St. Paul's,93,92
Cardinals,Ralph,Brown  ,56,CB,30,Nebraska,78,85
Cardinals,Michael,Adams  ,46,CB,24,UL Lafayette,79,88
Cardinals,Darnell,Dockett  ,94,DT,28,Florida State,,
Cardinals,Bryan,Robinson  ,72,DT,35,Fresno State,,
Cardinals,Gabe,Watson  ,68,DT,25,Michigan,,
Cardinals,Alan,Branch  ,60,DT,24,Michigan,,
Cardinals,Dan,Kreider  ,79,FB,32,New Hampshire,,
Cardinals,Tim,Castille  ,70,FB,25,Alabama,,
Cardinals,Antrel,Rolle  ,84,FS,27,Miami,84,92
Cardinals,Rashad,Johnson  ,71,FS,23,Alabama,85,81
Cardinals,Matt,Ware  ,66,FS,26,UCLA,83,89
Cardinals,Chris,Wells  ,79,HB,21,Ohio State,89,85
Cardinals,Tim,Hightower  ,75,HB,23,Richmond,84,85
Cardinals,Jason,Wright  ,71,HB,27,Northwestern,82,85
Cardinals,Neil,Rackers  ,81,K,33,Illinois,,
Cardinals,Calais,Campbell  ,74,LE,23,Miami,,
Cardinals,Kenny,Iwebema  ,67,LE,24,Iowa,,
Cardinals,Reggie,Wells  ,81,LG,28,Clarion,,
Cardinals,Trevor,Canfield  ,69,LG,23,Cincinnati,,
Cardinals,Karlos,Dansby  ,89,LOLB,27,Auburn,79,87
Cardinals,Cody,Brown  ,65,LOLB,22,Connecticut,75,83
Cardinals,Ali,Highsmith  ,63,LOLB,24,LSU,75,82
Cardinals,Mike,Gandy  ,86,LT,30,Notre Dame,,
Cardinals,Elliot,Vallejo  ,59,LT,25,California-Davis,,
Cardinals,Gerald,Hayes  ,79,MLB,28,Pittsburgh,71,80
Cardinals,Pago,Togafau  ,55,MLB,24,Idaho State,70,78
Cardinals,Ben,Graham  ,69,P,36,No College,,
Cardinals,Kurt,Warner  ,94,QB,38,Northern Iowa,55,48
Cardinals,Matt,Leinart  ,68,QB,26,USC,55,65
Cardinals,Brian,St. Pierre  ,51,QB,29,Boston College,52,54
Cardinals,Bertrand,Berry  ,83,RE,34,Notre Dame,,
Cardinals,Deuce,Lutui  ,76,RG,26,USC,,
Cardinals,Elton,Brown  ,66,RG,27,Virginia,,
Cardinals,Chike,Okeafor  ,76,ROLB,33,Purdue,67,85
Cardinals,Clark,Haggans  ,72,ROLB,32,Colorado St.,70,74
Cardinals,Levi,Brown  ,81,RT,25,Penn State,,
Cardinals,Herman,Johnson  ,67,RT,24,LSU,,
Cardinals,Adrian,Wilson  ,97,SS,29,N.C. State,85,90
Cardinals,Aaron,Francisco  ,63,SS,26,BYU,75,80
Cardinals,Keith,Lewis  ,59,SS,28,Oregon,77,80
Cardinals,Anthony,Becht  ,76,TE,32,West Virginia,60,62
Cardinals,Leonard,Pope  ,73,TE,25,Georgia,72,78
Cardinals,Stephen,Spach  ,73,TE,26,Fresno State,71,72
Cardinals,Larry,Fitzgerald  ,99,WR,26,Pittsburgh,89,93
Cardinals,Anquan,Boldin  ,94,WR,28,Florida State,89,88
Cardinals,Steve,Breaston  ,79,WR,26,Michigan,91,95
Cardinals,Jerheme,Urban  ,68,WR,28,Trinity,80,85
Cardinals,Early,Doucet  ,64,WR,23,LSU,81,82
Bears,Olin,Kreutz  ,87,C,32,Washington,,
Bears,Patrick,Mannelly  ,63,C,33,Duke,,
Bears,Charles,Tillman  ,82,CB,28,UL Lafayette,82,88
Bears,Nathan,Vasher  ,75,CB,27,Texas,85,86
Bears,D.J.,Moore  ,74,CB,22,Vanderbilt,87,88
Bears,Trumaine,McBride  ,65,CB,23,Ole Miss,86,89
Bears,Corey,Graham  ,60,CB,24,New Hampshire,83,87
Bears,Zackary,Bowman  ,53,CB,24,Nebraska,85,87
Bears,Tommie,Harris  ,92,DT,25,Oklahoma,,
Bears,Jarron,Gilbert  ,72,DT,23,San Jose St.,,
Bears,Dusty,Dvoracek  ,69,DT,28,Oklahoma,,
Bears,Marcus,Harrison  ,68,DT,25,Arkansas,,
Bears,Anthony,Adams  ,65,DT,29,Penn State,,
Bears,Jason,McKie  ,82,FB,29,Temple,,
Bears,Jason,Davis  ,70,FB,25,Illinois,,
Bears,Josh,Bullocks  ,76,FS,26,Nebraska,85,89
Bears,Danieal,Manning  ,70,FS,27,Abilene Chr.,88,92
Bears,Matt,Forte  ,89,HB,23,Tulane,90,91
Bears,Kevin,Jones  ,72,HB,27,Virginia Tech,86,87
Bears,Adrian,Peterson  ,69,HB,30,Ga. Southern,80,85
Bears,Garrett,Wolfe  ,69,HB,25,N. Illinois,90,94
Bears,Robbie,Gould  ,94,K,26,Penn State,,
Bears,Adewale,Ogunleye  ,83,LE,32,Indiana,,
Bears,Israel,Idonije  ,65,LE,28,Manitoba,,
Bears,Josh,Beekman  ,75,LG,26,Boston College,,
Bears,Tyler,Reed  ,60,LG,26,Penn State,,
Bears,Nick,Roach  ,68,LOLB,24,Northwestern,83,82
Bears,Marcus,Freeman  ,63,LOLB,23,Ohio State,84,87
Bears,Joey,LaRocque  ,57,LOLB,23,Oregon State,75,85
Bears,Orlando,Pace  ,87,LT,33,Ohio State,,
Bears,Chris,Williams  ,73,LT,24,Vanderbilt,,
Bears,Brian,Urlacher  ,94,MLB,31,New Mexico,85,90
Bears,Hunter,Hillenmeyer,68,MLB,28,Vanderbilt,70,78
Bears,Brad,Maynard  ,77,P,35,Ball State,,
Bears,Jay,Cutler  ,87,QB,26,Vanderbilt,70,74
Bears,Caleb,Hanie  ,45,QB,24,Colorado St.,66,66
Bears,Alex,Brown  ,78,RE,30,Florida,,
Bears,Mark,Anderson  ,71,RE,26,Alabama,,
Bears,Roberto,Garza  ,80,RG,30,T A&M K'ville,,
Bears,Dan,Buenning  ,72,RG,27,Wisconsin,,
Bears,Lance,Briggs  ,95,ROLB,28,Arizona,78,84
Bears,Jamar,Williams  ,57,ROLB,25,Arizona St.,72,78
Bears,Kevin,Shaffer  ,79,RT,29,Tulsa,,
Bears,Frank,Omiyale  ,74,RT,26,Tenn. Tech,,
Bears,Kevin,Payne  ,76,SS,25,UL Monroe,85,87
Bears,Craig,Steltz  ,60,SS,23,LSU,74,80
Bears,Greg,Olsen  ,82,TE,24,Miami,85,87
Bears,Desmond,Clark  ,79,TE,32,Wake Forest,70,82
Bears,Kellen,Davis  ,64,TE,23,Michigan St.,78,80
Bears,Earl,Bennett  ,72,WR,22,Vanderbilt,83,85
Bears,Devin,Hester  ,71,WR,26,Miami,99,98
Bears,Rashied,Davis  ,69,WR,30,San Jose St.,88,90
Bears,Juaquin,Iglesias  ,69,WR,22,Oklahoma,85,87
Bears,Johnny,Knox  ,62,WR,23,Abilene Chr.,94,96
Bengals,Kyle,Cook  ,71,C,25,Michigan St.,,
Bengals,Jonathan,Luigs  ,68,C,23,Arkansas,,
Bengals,Johnathan,Joseph  ,76,CB,25,South Carolina,95,96
Bengals,Leon,Hall  ,75,CB,24,Michigan,85,88
Bengals,Simeon,Castille  ,57,CB,24,Alabama,88,86
Bengals,Morgan,Trent  ,57,CB,23,Michigan,82,83
Bengals,David,Jones  ,53,CB,23,Wingate,85,90
Bengals,Domata,Peko  ,80,DT,24,Michigan St.,,
Bengals,Pat,Sims  ,76,DT,24,Auburn,,
Bengals,Tank,Johnson  ,70,DT,27,Washington,,
Bengals,Jeremi,Johnson  ,74,FB,29,W. Kentucky,,
Bengals,Daniel,Coats  ,67,FB,25,BYU,,
Bengals,Chris,Crocker  ,73,FS,29,Marshall,83,91
Bengals,Marvin,White  ,63,FS,25,TCU,85,92
Bengals,Cedric,Benson  ,76,HB,26,Texas,81,85
Bengals,Kenny,Watson  ,68,HB,31,Penn State,80,82
Bengals,Brian,Leonard  ,65,HB,25,Rutgers,78,82
Bengals,Bernard,Scott  ,63,HB,25,Abilene Chr.,89,94
Bengals,Shayne,Graham  ,87,K,31,Virginia Tech,,
Bengals,Robert,Geathers  ,76,LE,26,Georgia,,
Bengals,Jonathan,Fanene  ,62,LE,27,Utah,,
Bengals,Andrew,Whitworth  ,78,LG,27,LSU,,
Bengals,Nate,Livings  ,58,LG,27,LSU,,
Bengals,Rashad,Jeanty  ,74,LOLB,26,UCF,77,82
Bengals,Darryl,Blackstock  ,61,LOLB,26,Virginia,74,88
Bengals,Andre,Smith  ,81,LT,22,Alabama,,
Bengals,Rey,Maualuga  ,79,MLB,22,USC,80,87
Bengals,Dhani,Jones  ,75,MLB,31,Michigan,73,76
Bengals,Abdul,Hodge  ,66,MLB,25,Iowa,70,83
Bengals,Kevin,Huber  ,68,P,24,Cincinnati,,
Bengals,Carson,Palmer  ,88,QB,29,USC,54,56
Bengals,J.T.,O'Sullivan  ,60,QB,30,California-Davis,58,58
Bengals,Jordan,Palmer  ,53,QB,25,UTEP,52,54
Bengals,Antwan,Odom  ,75,RE,27,Alabama,,
Bengals,Michael,Johnson  ,72,RE,22,Georgia Tech,86,92
Bengals,Frostee,Rucker  ,60,RE,26,USC,,
Bengals,Bobbie,Williams  ,78,RG,32,Arkansas,,
Bengals,Scott,Kooistra  ,70,RG,28,N.C. State,,
Bengals,Keith,Rivers  ,78,ROLB,23,USC,87,92
Bengals,Brandon,Johnson  ,48,ROLB,26,Louisville,79,88
Bengals,Anthony,Collins  ,76,RT,23,Kansas,,
Bengals,Dennis,Roland  ,62,RT,26,Georgia,,
Bengals,Roy,Williams  ,79,SS,29,Oklahoma,75,80
Bengals,Nedu,Ndukwe  ,74,SS,24,Notre Dame,85,85
Bengals,Kyries,Hebert  ,62,SS,29,UL Lafayette,84,82
Bengals,Reggie,Kelly  ,74,TE,32,Mississippi St.,65,75
Bengals,Ben,Utecht  ,71,TE,28,Minnesota,68,72
Bengals,Chase,Coffman  ,68,TE,22,Missouri,71,77
Bengals,Chad,Ochocinco  ,89,WR,31,Oregon State,93,93
Bengals,Laveranues,Coles  ,87,WR,31,Florida State,90,91
Bengals,Chris,Henry  ,69,WR,26,West Virginia,88,86
Bengals,Antonio,Chatman  ,59,WR,30,Cincinnati,88,90
Bengals,Andre,Caldwell  ,58,WR,24,Florida,91,90
Bengals,Jerome,Simpson  ,57,WR,23,Coastal Carolina,87,92
Bills,Geoff,Hangartner  ,74,C,27,Texas A&M,,
Bills,Marvin,Philip  ,62,C,27,California,,
Bills,Terrence,McGee  ,82,CB,28,N'western St.,92,95
Bills,Leodis,McKelvin  ,78,CB,24,Troy,89,93
Bills,Drayton,Florence  ,67,CB,28,Tuskegee,83,85
Bills,Cary,Harris  ,66,CB,22,USC,85,86
Bills,Ashton,Youboty  ,62,CB,25,Ohio State,85,87
Bills,Reggie,Corner  ,55,CB,25,Akron,84,88
Bills,Marcus,Stroud  ,92,DT,31,Georgia,,
Bills,Kyle,Williams  ,76,DT,26,LSU,,
Bills,John,McCargo  ,70,DT,26,N.C. State,,
Bills,Spencer,Johnson  ,67,DT,27,Auburn,,
Bills,Corey,McIntyre  ,70,FB,30,West Virginia,,
Bills,Ko,Simpson  ,73,FS,25,South Carolina,80,85
Bills,Jairus,Byrd  ,72,FS,22,Oregon,85,92
Bills,George,Wilson  ,69,FS,28,Arkansas,79,90
Bills,Marshawn,Lynch  ,87,HB,23,California,87,90
Bills,Fred,Jackson  ,77,HB,28,Coe College,87,91
Bills,Dominic,Rhodes  ,74,HB,30,Midwestern St.,84,87
Bills,Rian,Lindell  ,79,K,32,Wash. St.,,
Bills,Chris,Kelsay  ,78,LE,29,Nebraska,,
Bills,Ryan,Denney  ,68,LE,32,BYU,,
Bills,Eric,Wood  ,75,LG,23,Louisville,,
Bills,Seth,McKinney  ,71,LG,30,Texas A&M,,
Bills,Keith,Ellison  ,68,LOLB,25,Oregon State,78,84
Bills,Pat,Thomas  ,58,LOLB,26,N.C. State,75,77
Bills,Nic,Harris  ,56,LOLB,22,Oklahoma,77,84
Bills,Langston,Walker  ,78,LT,30,California,,
Bills,Demetrius,Bell  ,52,LT,25,N'western St.,,
Bills,Paul,Posluszny  ,82,MLB,24,Penn State,74,80
Bills,John,DiGiorgio  ,70,MLB,26,Saginaw Valley,63,78
Bills,Brian,Moorman  ,89,P,33,Pittsburg St.,,
Bills,Trent,Edwards  ,76,QB,25,Stanford,62,68
Bills,Ryan,Fitzpatrick  ,65,QB,26,Harvard,63,64
Bills,Aaron,Schobel  ,86,RE,32,TCU,,
Bills,Aaron,Maybin  ,78,RE,21,Penn State,,
Bills,Brad,Butler  ,76,RG,25,Virginia,,
Bills,Andy,Levitre  ,76,RG,23,Oregon State,,
Bills,Kawika,Mitchell  ,81,ROLB,29,USF,78,88
Bills,Jon,Corto  ,62,ROLB,25,Sacred Heart,79,80
Bills,Kirk,Chambers  ,71,RT,30,Stanford,,
Bills,Jonathan,Scott  ,65,RT,25,Texas,,
Bills,Donte,Whitner  ,85,SS,24,Ohio State,88,90
Bills,Bryan,Scott  ,64,SS,28,Penn State,74,79
Bills,John,Wendling  ,64,SS,26,Wyoming,80,86
Bills,Derek,Fine  ,67,TE,26,Kansas,67,78
Bills,Shawn,Nelson  ,67,TE,23,Southern Miss,83,87
Bills,Derek,Schouman  ,66,TE,24,Boise State,69,78
Bills,Terrell,Owens  ,91,WR,35,Tenn-Chat,89,91
Bills,Lee,Evans  ,85,WR,28,Wisconsin,97,96
Bills,Josh,Reed  ,77,WR,29,LSU,78,82
Bills,Roscoe,Parrish  ,66,WR,27,Miami,95,96
Bills,James,Hardy  ,61,WR,23,Indiana,82,84
Bills,Justin,Jenkins  ,61,WR,29,Mississippi St.,87,88
Panthers,Ryan,Kalil  ,82,C,24,USC,,
Panthers,Justin,Geisinger  ,58,C,26,Vanderbilt,,
Panthers,Chris,Gamble  ,83,CB,26,Ohio State,92,94
Panthers,Richard,Marshall  ,76,CB,24,Fresno State,88,92
Panthers,Captain,Munnerlyn  ,63,CB,21,South Carolina,88,92
Panthers,Dante,Wesley  ,58,CB,30,Arkansas P.B.,79,82
Panthers,C.J.,Wilson  ,54,CB,24,Baylor,77,85
Panthers,Damione,Lewis  ,78,DT,31,Miami,,
Panthers,Ma'ake,Kemoeatu  ,77,DT,30,Utah,,
Panthers,Corvey,Irvin  ,65,DT,24,Georgia,,
Panthers,Babatunde,Oshinowo  ,60,DT,25,Stanford,,
Panthers,Nick,Hayden  ,57,DT,23,Wisconsin,,
Panthers,Brad,Hoover  ,80,FB,32,W. Carolina,,
Panthers,Tony,Fiammetta  ,70,FB,23,Syracuse,,
Panthers,Charles,Godfrey  ,72,FS,23,Iowa,90,92
Panthers,Sherrod,Martin  ,68,FS,24,Troy,87,90
Panthers,Nate,Salley  ,61,FS,25,Ohio State,75,82
Panthers,DeAngelo,Williams  ,94,HB,26,Memphis,95,96
Panthers,Jonathan,Stewart  ,85,HB,22,Oregon,88,92
Panthers,Mike,Goodson  ,66,HB,22,Texas A&M,87,92
Panthers,John,Kasay  ,91,K,39,Georgia,,
Panthers,Tyler,Brayton  ,68,LE,29,Colorado,,
Panthers,Charles,Johnson  ,68,LE,23,Georgia,,
Panthers,Travelle,Wharton  ,83,LG,28,South Carolina,,
Panthers,Mackenzy,Bernadeau  ,66,LG,23,Bentley College,,
Panthers,Thomas,Davis  ,85,LOLB,26,Georgia,84,92
Panthers,James,Anderson  ,61,LOLB,25,Virginia Tech,76,86
Panthers,Jordan,Gross  ,95,LT,29,Utah,,
Panthers,Geoff,Schwartz  ,61,LT,23,Oregon,,
Panthers,Jon,Beason  ,92,MLB,24,Miami,84,92
Panthers,Dan,Connor  ,62,MLB,23,Penn State,70,82
Panthers,Jason,Baker  ,76,P,31,Iowa,,
Panthers,Jake,Delhomme  ,80,QB,34,UL Lafayette,64,63
Panthers,Josh,McCown  ,59,QB,30,Sam Houston,77,79
Panthers,Matt,Moore  ,55,QB,25,Oregon State,67,69
Panthers,Julius,Peppers  ,97,RE,29,North Carolina,85,95
Panthers,Everette,Brown  ,77,RE,22,Florida State,,
Panthers,Hilee,Taylor  ,61,RE,23,North Carolina,,
Panthers,Keydrick,Vincent  ,74,RG,31,Ole Miss,,
Panthers,Duke,Robinson  ,70,RG,22,Oklahoma,,
Panthers,Landon,Johnson  ,69,ROLB,28,Purdue,72,86
Panthers,Na'il,Diggs  ,67,ROLB,31,Ohio State,70,80
Panthers,Jeff,Otah  ,86,RT,23,Pittsburgh,,
Panthers,Gerald,Cadogan  ,63,RT,23,Penn State,,
Panthers,Chris,Harris  ,76,SS,27,UL Monroe,74,84
Panthers,Quinton,Teal  ,58,SS,25,Coastal Carolina,85,83
Panthers,Jeff,King  ,73,TE,26,Virginia Tech,66,78
Panthers,Gary,Barnidge  ,69,TE,23,Louisville,82,82
Panthers,Dante,Rosario  ,69,TE,24,Oregon,70,75
Panthers,Steve,Smith  ,97,WR,30,Utah,97,97
Panthers,Muhsin,Muhammad,79,WR,36,Michigan St.,75,79
Panthers,Dwayne,Jarrett  ,65,WR,22,USC,78,81
Panthers,Ryne,Robinson  ,57,WR,24,Miami Univ.,87,90
Panthers,Kenneth,Moore  ,52,WR,23,Wake Forest,85,88
Browns,Hank,Fraley  ,79,C,31,Robert Morris,,
Browns,Alex,Mack  ,79,C,23,California,,
Browns,Eric,Wright  ,79,CB,24,UNLV,88,91
Browns,Brandon,McDonald  ,71,CB,24,Memphis,85,90
Browns,Coye,Francies  ,69,CB,22,San Jose St.,86,91
Browns,Corey,Ivy  ,68,CB,32,Oklahoma,87,88
Browns,Hank,Poteat  ,65,CB,32,Pittsburgh,85,87
Browns,Don,Carey  ,61,CB,22,Norfolk State,85,88
Browns,Shaun,Rogers  ,92,DT,30,Texas,,
Browns,Ahtyba,Rubin  ,61,DT,23,Iowa State,,
Browns,Lawrence,Vickers  ,88,FB,26,Colorado,73,80
Browns,Abram,Elam  ,72,FS,27,Kent State,82,89
Browns,Mike,Adams  ,65,FS,28,Delaware,76,79
Browns,Jamal,Lewis  ,85,HB,30,Tennessee,83,85
Browns,Jerome,Harrison  ,71,HB,26,Wash. St.,92,95
Browns,James,Davis  ,68,HB,23,Clemson,86,88
Browns,Noah,Herron  ,67,HB,27,Northwestern,83,83
Browns,Phil,Dawson  ,80,K,34,Texas,,
Browns,Kenyon,Coleman  ,79,LE,30,UCLA,,
Browns,Robaire,Smith  ,77,LE,31,Michigan St.,,
Browns,C.J.,Mosley  ,59,LE,26,Missouri,,
Browns,Eric,Steinbach  ,93,LG,29,Iowa,,
Browns,David,Bowens  ,67,LOLB,32,W. Illinois,70,77
Browns,Alex,Hall  ,61,LOLB,23,St. Augustine,80,82
Browns,Joe,Thomas  ,97,LT,24,Wisconsin,,
Browns,Isaac,Sowells  ,65,LT,27,Indiana,,
Browns,D'Qwell,Jackson  ,86,MLB,25,Maryland,75,86
Browns,Eric,Barton  ,79,MLB,31,Maryland,71,74
Browns,Leon,Williams  ,71,MLB,26,Miami,75,87
Browns,Kaluka,Maiava  ,59,MLB,22,USC,80,85
Browns,Dave,Zastudil  ,77,P,30,Ohio,,
Browns,Brady,Quinn  ,71,QB,24,Notre Dame,71,72
Browns,Derek,Anderson  ,70,QB,26,Oregon State,54,56
Browns,Brett,Ratliff  ,51,QB,24,Utah,66,66
Browns,Corey,Williams  ,81,RE,29,Arkansas St.,,
Browns,Shaun,Smith  ,74,RE,28,South Carolina,,
Browns,Floyd,Womack  ,76,RG,30,Mississippi St.,,
Browns,Rex,Hadnot  ,72,RG,29,Houston,,
Browns,Kamerion,Wimbley  ,78,ROLB,25,Florida State,77,88
Browns,David,Veikune  ,68,ROLB,23,Hawaii,75,84
Browns,David,Holloway  ,50,ROLB,25,Maryland,72,74
Browns,Ryan,Tucker  ,78,RT,34,TCU,,
Browns,John,St. Clair  ,73,RT,32,Virginia,,
Browns,Brodney,Pool  ,77,SS,25,Oklahoma,87,91
Browns,Nick,Sorensen  ,52,SS,31,Virginia Tech,70,75
Browns,Steve,Heiden  ,75,TE,33,S.D. State,64,73
Browns,Robert,Royal  ,74,TE,30,LSU,69,72
Browns,Martin,Rucker  ,70,TE,24,Missouri,77,84
Browns,Braylon,Edwards  ,86,WR,26,Michigan,90,95
Browns,Brian,Robiskie  ,73,WR,21,Ohio State,87,85
Browns,Mohamed,Massaqoui,71,WR,22,Georgia,84,91
Browns,David,Patten  ,69,WR,35,W. Carolina,87,88
Browns,Josh,Cribbs  ,63,WR,26,Kent State,89,95
Browns,Paul,Hubbard  ,43,WR,24,Wisconsin,81,85
Cowboys,Andre,Gurode  ,93,C,31,Colorado,,
Cowboys,Matt,Spanos  ,56,C,24,USC,,
Cowboys,Terence,Newman  ,88,CB,30,Kansas State,97,97
Cowboys,Mike,Jenkins  ,73,CB,24,USF,88,95
Cowboys,Orlando,Scandrick  ,71,CB,22,Boise State,95,97
Cowboys,DeAngelo,Smith  ,67,CB,23,Cincinnati,85,91
Cowboys,Alan,Ball  ,45,CB,24,Illinois,83,90
Cowboys,Jay,Ratliff  ,87,DT,28,Auburn,,
Cowboys,Junior,Siavii  ,63,DT,30,Oregon,,
Cowboys,Tim,Anderson  ,58,DT,27,Ohio State,,
Cowboys,Deon,Anderson  ,76,FB,26,Connecticut,,
Cowboys,Ken,Hamlin  ,84,FS,28,Arkansas,84,87
Cowboys,Tra,Battle  ,59,FS,24,Georgia,88,86
Cowboys,Courtney,Brown  ,58,FS,25,Cal Poly SLO,91,93
Cowboys,Marion,Barber  ,88,HB,26,Minnesota,85,93
Cowboys,Felix,Jones  ,78,HB,22,Arkansas,96,97
Cowboys,Tashard,Choice  ,76,HB,24,Georgia Tech,88,93
Cowboys,Nick,Folk  ,87,K,24,Arizona,,
Cowboys,Marcus,Spears  ,71,LE,26,LSU,,
Cowboys,Marcus,Dixon  ,48,LE,25,Hampton,,
Cowboys,Kyle,Kosier  ,83,LG,30,Arizona St.,,
Cowboys,Cory,Procter  ,64,LG,26,Montana,,
Cowboys,Greg,Ellis  ,80,LOLB,34,North Carolina,74,86
Cowboys,Anthony,Spencer  ,72,LOLB,25,Purdue,73,88
Cowboys,Flozell,Adams  ,88,LT,34,Michigan St.,,
Cowboys,Doug,Free  ,71,LT,25,N. Illinois,,
Cowboys,Robert,Brewster  ,67,LT,23,Ball State,,
Cowboys,Keith,Brooking  ,86,MLB,33,Georgia Tech,72,82
Cowboys,Bradie,James  ,82,MLB,28,LSU,74,79
Cowboys,Bobby,Carpenter  ,62,MLB,26,Ohio State,77,85
Cowboys,Jason,Williams  ,54,MLB,23,W. Illinois,87,90
Cowboys,Mat,McBriar  ,95,P,30,Hawaii,,
Cowboys,Tony,Romo  ,87,QB,29,E. Illinois,73,80
Cowboys,Jon,Kitna  ,68,QB,36,Central Wash.,55,60
Cowboys,Stephen,McGee  ,59,QB,23,Texas A&M,73,77
Cowboys,Igor,Olshansky  ,80,RE,27,Oregon,,
Cowboys,Jason,Hatcher  ,59,RE,27,Grambling St.,,
Cowboys,Leonard,Davis  ,92,RG,30,Texas,,
Cowboys,Montrae,Holland  ,71,RG,29,Florida State,,
Cowboys,DeMarcus,Ware  ,98,ROLB,27,Troy,86,97
Cowboys,Victor,Butler  ,55,ROLB,23,Oregon State,79,84
Cowboys,Marc,Colombo  ,81,RT,30,Boston College,,
Cowboys,Pat,McQuistan  ,69,RT,26,Weber State,,
Cowboys,Gerald,Sensabaugh,73,SS,26,North Carolina,83,87
Cowboys,Michael,Hamlin  ,68,SS,23,Clemson,77,81
Cowboys,Pat,Watkins  ,67,SS,26,Florida State,83,90
Cowboys,Jason,Witten  ,97,TE,27,Tennessee,75,79
Cowboys,Martellus,Bennett  ,75,TE,22,Texas A&M,78,80
Cowboys,John,Phillips  ,64,TE,22,Virginia,66,70
Cowboys,Roy,Williams  ,84,WR,27,Texas,86,85
Cowboys,Patrick,Crayton  ,73,WR,30,NW Oklahoma St.,85,87
Cowboys,Miles,Austin  ,71,WR,25,Monmouth,91,92
Cowboys,Sam,Hurd  ,65,WR,24,N. Illinois,83,85
Cowboys,Isaiah,Stanback  ,63,WR,25,Washington,88,87
Broncos,Casey,Wiegmann  ,87,C,34,Iowa,,
Broncos,Kory,Lichtensteiger,71,C,24,Bowling Green St.,,
Broncos,Lonnie,Paxton  ,62,C,25,Sacramento State,,
Broncos,Champ,Bailey  ,96,CB,31,Georgia,96,97
Broncos,André,Goodman  ,76,CB,31,South Carolina,89,91
Broncos,Alphonso,Smith  ,76,CB,23,Wake Forest,91,94
Broncos,Josh,Bell  ,61,CB,24,Baylor,90,90
Broncos,Jack,Williams  ,58,CB,24,Kent State,88,90
Broncos,Ronald,Fields  ,71,DT,27,Mississippi St.,,
Broncos,Marcus,Thomas  ,71,DT,23,Florida,,
Broncos,Matthias,Askew  ,64,DT,25,Michigan St.,,
Broncos,Peyton,Hillis  ,84,FB,23,Arkansas,87,86
Broncos,Renaldo,Hill  ,72,FS,30,Michigan St.,82,87
Broncos,Darcel,McBath  ,72,FS,23,Texas Tech,84,91
Broncos,Josh,Barrett  ,62,FS,24,Arizona St.,90,95
Broncos,Knowshon,Moreno  ,81,HB,22,Georgia,86,96
Broncos,Correll,Buckhalter  ,78,HB,30,Nebraska,84,86
Broncos,J.J.,Arrington  ,73,HB,26,California,86,89
Broncos,LaMont,Jordan  ,66,HB,29,Maryland,74,82
Broncos,Matt,Prater  ,58,K,25,UCF,,
Broncos,Darrell,Reid  ,70,LE,27,Minnesota,,
Broncos,Tim,Crowder  ,66,LE,24,Texas,,
Broncos,Ben,Hamilton  ,81,LG,32,Minnesota,,
Broncos,Pat,Murray  ,63,LG,25,Truman State,,
Broncos,Jarvis,Moss  ,66,LOLB,25,Florida,79,88
Broncos,Elvis,Dumervil  ,65,LOLB,25,Louisville,82,90
Broncos,Ryan,Clady  ,88,LT,23,Boise State,,
Broncos,Tyler,Polumbus  ,67,LT,24,Colorado,,
Broncos,Andra,Davis  ,75,MLB,30,Florida,69,75
Broncos,Boss,Bailey  ,68,MLB,29,Georgia,87,91
Broncos,Nick,Greisen  ,65,MLB,30,Wisconsin,61,77
Broncos,Spencer,Larsen  ,63,MLB,25,Arizona,72,75
Broncos,Brett,Kern  ,64,P,23,Toledo,,
Broncos,Kyle,Orton  ,74,QB,26,Purdue,65,63
Broncos,Chris,Simms  ,66,QB,29,Texas,63,62
Broncos,Tom,Brandstater  ,60,QB,24,Fresno State,61,65
Broncos,Kenny,Peterson  ,72,RE,30,Ohio State,,
Broncos,Nic,Clemons  ,61,RE,26,Georgia,,
Broncos,Chris,Kuper  ,78,RG,26,North Dakota,,
Broncos,Seth,Olsen  ,69,RG,23,Iowa,,
Broncos,D.J.,Williams  ,86,ROLB,27,Miami,82,89
Broncos,Robert,Ayers  ,74,ROLB,24,Tennessee,78,85
Broncos,Ryan,Harris  ,73,RT,24,Notre Dame,,
Broncos,Brandon,Gorin  ,68,RT,31,Purdue,,
Broncos,Brian,Dawkins  ,92,SS,35,Clemson,85,87
Broncos,Vernon,Fox  ,59,SS,29,Fresno State,73,76
Broncos,Daniel,Graham  ,83,TE,30,Colorado,68,73
Broncos,Tony,Scheffler  ,79,TE,26,W. Michigan,80,85
Broncos,Richard,Quinn  ,69,TE,22,North Carolina,67,72
Broncos,Brandon,Marshall  ,92,WR,25,UCF,88,91
Broncos,Eddie,Royal  ,82,WR,23,Virginia Tech,93,94
Broncos,Jabar,Gaffney  ,74,WR,28,Florida,82,85
Broncos,Brandon,Stokley  ,71,WR,33,UL Lafayette,84,84
Broncos,Chad,Jackson  ,56,WR,24,Florida,85,84
Lions,Dominic,Raiola  ,80,C,30,Nebraska,,
Lions,Dylan,Gandy  ,68,C,26,Texas Tech,,
Lions,Anthony,Henry  ,78,CB,32,USF,76,83
Lions,Phillip,Buchanon  ,76,CB,28,Miami,93,94
Lions,Eric,King  ,62,CB,27,Wake Forest,83,88
Lions,Keith,Smith  ,60,CB,29,McNeese St.,85,89
Lions,Ramzee,Robinson  ,57,CB,25,Alabama,78,85
Lions,Grady,Jackson  ,76,DT,36,Knoxville College,,
Lions,Chuck,Darby  ,72,DT,33,S.C. State,,
Lions,Andre,Fluellen  ,61,DT,24,Florida State,,
Lions,Sammie Lee,Hill  ,61,DT,22,Stillman,,
Lions,Terrelle,Smith  ,79,FB,31,Arizona St.,64,67
Lions,Jon,Bradley  ,68,FB,27,Arkansas St.,63,65
Lions,Louis,Delmas  ,77,FS,22,W. Michigan,86,90
Lions,Gerald,Alexander  ,68,FS,25,Boise State,86,90
Lions,Kevin,Smith  ,80,HB,22,UCF,84,87
Lions,Maurice,Morris  ,75,HB,29,Oregon,85,91
Lions,Aaron,Brown  ,64,HB,23,TCU,83,88
Lions,Aveion,Cason  ,60,HB,30,Illinois St.,89,91
Lions,Jason,Hanson  ,95,K,39,Wash. St.,,
Lions,Jared,DeVries  ,71,LE,33,Iowa,,
Lions,Ikaika,Alama-Francis,64,LE,24,Hawaii,,
Lions,Damion,Cook  ,70,LG,27,Beth Cookman,,
Lions,Manny,Ramirez  ,68,LG,26,Texas Tech,,
Lions,Julian,Peterson  ,90,LOLB,31,Michigan St.,85,89
Lions,Alex,Lewis  ,59,LOLB,28,Wisconsin,83,87
Lions,Jeff,Backus  ,77,LT,31,Michigan,,
Lions,Daniel,Loper  ,67,LT,27,Texas Tech,,
Lions,Larry,Foote  ,78,MLB,29,Michigan,73,82
Lions,Jordon,Dizon  ,63,MLB,23,Colorado,76,85
Lions,Nick,Harris  ,67,P,31,California,,
Lions,Matthew,Stafford  ,79,QB,21,Georgia,71,68
Lions,Daunte,Culpepper  ,72,QB,32,UCF,70,75
Lions,Drew,Stanton  ,47,QB,25,Michigan St.,66,76
Lions,Dewayne,White  ,77,RE,29,Louisville,,
Lions,Cliff,Avril  ,71,RE,23,Purdue,,
Lions,Stephen,Peterman  ,78,RG,27,LSU,,
Lions,Junius,Coston  ,70,RG,24,N. Car A&T,,
Lions,Ernie,Sims  ,88,ROLB,24,Florida State,88,93
Lions,DeAndre,Levy  ,56,ROLB,22,Wisconsin,79,84
Lions,Gosder,Cherilus  ,79,RT,25,Boston College,,
Lions,George,Foster  ,66,RT,29,Georgia,,
Lions,Lydon,Murtha  ,65,RT,23,Nebraska,,
Lions,Daniel,Bullocks  ,70,SS,26,Nebraska,79,82
Lions,Kalvin,Pearson  ,61,SS,30,Grambling St.,77,82
Lions,Brandon,Pettigrew  ,80,TE,24,Oklahoma St.,72,76
Lions,Casey,Fitzsimmons  ,70,TE,28,Carroll College,72,70
Lions,Will,Heller  ,66,TE,28,Georgia Tech,60,70
Lions,Calvin,Johnson  ,92,WR,23,Georgia Tech,95,94
Lions,Ronald,Curry  ,74,WR,30,North Carolina,76,82
Lions,Bryant,Johnson  ,71,WR,28,Penn State,86,87
Lions,Derrick,Williams  ,68,WR,23,Penn State,90,94
Lions,John,Standeford  ,60,WR,25,Purdue,84,87
Lions,Adam,Jennings  ,54,WR,26,Fresno State,90,92
Packers,Scott,Wells  ,79,C,28,Tennessee,,
Packers,Duke,Preston  ,73,C,27,Illinois,,
Packers,Charles,Woodson  ,93,CB,32,Michigan,86,91
Packers,Al,Harris  ,90,CB,34,T A&M K'ville,85,89
Packers,Tramon,Williams  ,73,CB,26,LA. Tech,90,94
Packers,Jarrett,Bush  ,66,CB,25,Utah State,85,87
Packers,Pat,Lee  ,63,CB,25,Auburn,86,88
Packers,Will,Blackmon  ,61,CB,24,Boston College,92,94
Packers,B.J.,Raji  ,81,DT,23,Boston College,,
Packers,Ryan,Pickett  ,78,DT,28,Ohio State,,
Packers,Johnny,Jolly  ,72,DT,26,Texas A&M,,
Packers,Korey,Hall  ,72,FB,26,Boise State,,
Packers,Quinn,Johnson  ,67,FB,22,LSU,,
Packers,Nick,Collins  ,93,FS,26,Beth Cookman,89,92
Packers,Charlie,Peprah  ,54,FS,26,Alabama,79,82
Packers,Ryan,Grant  ,85,HB,26,Notre Dame,85,87
Packers,Brandon,Jackson  ,70,HB,23,Nebraska,86,87
Packers,DeShawn,Wynn  ,61,HB,25,Florida,75,75
Packers,Mason,Crosby  ,72,K,25,Colorado,,
Packers,Cullen,Jenkins  ,82,LE,28,Central Michigan,,
Packers,Jarius,Wynn  ,56,LE,23,Georgia,,
Packers,Daryn,Colledge  ,72,LG,27,Boise State,,
Packers,Allen,Barbre  ,71,LG,25,Missouri So. State,,
Packers,T.J.,Lang  ,65,LG,21,Eastern Michigan,,
Packers,Aaron,Kampman  ,93,LOLB,29,Iowa,78,86
Packers,Jeremy,Thompson  ,50,LOLB,23,Wake Forest,75,78
Packers,Chad,Clifton  ,86,LT,33,Tennessee,,
Packers,Jamon,Meredith  ,71,LT,23,South Carolina,,
Packers,Nick,Barnett  ,84,MLB,28,Oregon State,76,84
Packers,A.J.,Hawk  ,78,MLB,25,Ohio State,81,88
Packers,Desmond,Bishop  ,60,MLB,25,California,70,80
Packers,Danny,Lansanah  ,58,MLB,24,Connecticut,75,74
Packers,Jeremy,Kapinos  ,59,P,25,Penn State,,
Packers,Aaron,Rodgers  ,86,QB,25,California,69,69
Packers,Matt,Flynn  ,54,QB,24,LSU,75,78
Packers,Brian,Brohm  ,50,QB,23,Louisville,60,64
Packers,Mike,Montgomery,68,RE,26,Texas A&M,,
Packers,Justin,Harrell  ,63,RE,25,Tennessee,,
Packers,Jason,Spitz  ,83,RG,26,Louisville,,
Packers,Josh,Sitton  ,69,RG,23,UCF,,
Packers,Clay,Matthews  ,77,ROLB,23,USC,83,92
Packers,Brady,Poppinga  ,68,ROLB,29,BYU,70,83
Packers,Brandon,Chillar  ,62,ROLB,26,UCLA,70,82
Packers,Breno,Giacomini  ,63,RT,23,Louisville,,
Packers,Tony,Moll  ,58,RT,26,Nevada,,
Packers,Atari,Bigby  ,80,SS,27,UCF,80,85
Packers,Aaron,Rouse  ,66,SS,25,Virginia Tech,79,84
Packers,Donald,Lee  ,77,TE,29,Mississippi St.,74,80
Packers,Jermichael,Finley  ,70,TE,22,Texas,79,84
Packers,Greg,Jennings  ,90,WR,25,W. Michigan,93,96
Packers,Donald,Driver  ,85,WR,34,Alcorn St.,86,88
Packers,James,Jones  ,71,WR,25,San Jose St.,87,89
Packers,Jordy,Nelson  ,69,WR,24,Kansas State,85,87
Packers,Ruvell,Martin  ,66,WR,27,Saginaw Valley,79,83
Texans,Chris,Myers  ,75,C,27,Miami,,
Texans,Antoine,Caldwell  ,70,C,23,Alabama,,
Texans,Chris,White  ,63,C,26,Southern Miss,,
Texans,Dunta,Robinson  ,84,CB,27,South Carolina,93,96
Texans,Fred,Bennett  ,73,CB,25,South Carolina,87,89
Texans,Jacques,Reeves  ,72,CB,26,Purdue,86,92
Texans,Glover,Quin  ,65,CB,23,New Mexico,85,87
Texans,David,Pittman  ,61,CB,25,N'western St.,86,88
Texans,Antwaun,Molden  ,57,CB,24,E. Kentucky,87,91
Texans,Amobi,Okoye  ,81,DT,22,Louisville,,
Texans,Shaun,Cody  ,68,DT,26,USC,,
Texans,Travis,Johnson  ,66,DT,27,Florida State,,
Texans,Deljuan,Robinson  ,63,DT,25,Mississippi St.,,
Texans,Frank,Okam  ,58,DT,23,Texas,,
Texans,Vonta,Leach  ,77,FB,27,East Carolina,,
Texans,Eugene,Wilson  ,74,FS,29,Illinois,85,88
Texans,Brandon,Harrison  ,57,FS,24,Stanford,81,83
Texans,Steve,Slaton  ,87,HB,23,West Virginia,92,93
Texans,Ryan,Moats  ,69,HB,26,LA. Tech,88,90
Texans,Chris,Brown  ,67,HB,28,Colorado,78,81
Texans,Kris,Brown  ,79,K,32,Nebraska,,
Texans,Antonio,Smith  ,84,LE,27,Oklahoma St.,,
Texans,Connor,Barwin  ,75,LE,22,Cincinnati,,
Texans,Chester,Pitts  ,80,LG,30,S.D. State,,
Texans,Kasey,Studdard  ,64,LG,25,Texas,,
Texans,Brian,Cushing  ,78,LOLB,22,USC,84,88
Texans,Kevin,Bentley  ,64,LOLB,29,Northwestern,65,82
Texans,Zac,Diles  ,63,LOLB,24,Kansas State,70,80
Texans,Duane,Brown  ,79,LT,24,Virginia Tech,,
Texans,DeMeco,Ryans  ,88,MLB,25,Alabama,75,85
Texans,Kevis,Coley  ,59,MLB,27,Southern Miss,77,78
Texans,Matt,Turk  ,70,P,41,Wisc-Whitewater,,
Texans,Matt,Schaub  ,77,QB,28,Virginia,62,64
Texans,Dan,Orlovsky  ,63,QB,26,Connecticut,63,62
Texans,Alex,Brink  ,38,QB,24,Wash. St.,65,65
Texans,Mario,Williams  ,95,RE,24,N.C. State,84,94
Texans,Stanley,McClover  ,62,RE,24,Auburn,,
Texans,Mike,Brisiel  ,71,RG,26,Colorado St.,,
Texans,Cato,June  ,68,ROLB,29,Michigan,78,86
Texans,Xavier,Adibi  ,67,ROLB,24,Virginia Tech,77,88
Texans,Chaun,Thompson  ,59,ROLB,29,W. Texas A&M,79,88
Texans,Eric,Winston  ,84,RT,25,Miami,,
Texans,Rashad,Butler  ,69,RT,26,Miami,,
Texans,Nick,Ferguson  ,70,SS,35,Georgia Tech,73,79
Texans,Dominique,Barber  ,58,SS,23,Minnesota,77,82
Texans,Owen,Daniels  ,86,TE,26,Wisconsin,82,84
Texans,James,Casey  ,71,TE,24,Rice,74,73
Texans,Anthony,Hill  ,68,TE,24,N.C. State,73,68
Texans,Joel,Dreessen  ,64,TE,25,Colorado St.,67,72
Texans,Andre,Johnson  ,98,WR,28,Miami,94,95
Texans,Kevin,Walter  ,80,WR,28,Eastern Michigan,82,84
Texans,Andre,Davis  ,63,WR,30,Virginia Tech,93,95
Texans,Jacoby,Jones  ,63,WR,25,Lane,92,92
Texans,David,Anderson  ,53,WR,26,Colorado St.,79,85
Jaguars,Brad,Meester  ,83,C,32,Northern Iowa,,
Jaguars,Dennis,Norman  ,64,C,29,Princeton,,
Jaguars,Rashean,Mathis  ,93,CB,29,Beth Cookman,89,95
Jaguars,Brian,Williams  ,78,CB,30,N.C. State,80,86
Jaguars,Derek,Cox  ,66,CB,22,William & Mary,91,89
Jaguars,Will,James  ,65,CB,30,W. Illinois,84,85
Jaguars,Scott,Starks  ,57,CB,26,Wisconsin,88,88
Jaguars,Brian,Witherspoon,48,CB,24,Stillman,97,96
Jaguars,John,Henderson  ,88,DT,30,Tennessee,,
Jaguars,Rob,Meier  ,69,DT,32,Wash. St.,,
Jaguars,Derek,Landri  ,68,DT,25,Notre Dame,,
Jaguars,Terrance,Knighton  ,51,DT,23,Temple,,
Jaguars,Greg,Jones  ,90,FB,28,Florida State,78,84
Jaguars,Montell,Owens  ,68,FB,25,Maine,,
Jaguars,Reggie,Nelson  ,83,FS,26,Florida,93,95
Jaguars,Maurice,Jones-Drew  ,89,HB,24,UCLA,93,95
Jaguars,Rashad,Jennings  ,69,HB,24,Liberty,83,86
Jaguars,Alvin,Pearman  ,67,HB,27,Virginia,87,90
Jaguars,Chauncey,Washington  ,62,HB,24,USC,79,86
Jaguars,Josh,Scobee  ,69,K,27,LA. Tech,,
Jaguars,Quentin,Groves  ,70,LE,25,Auburn,,
Jaguars,Jeremy,Mincey  ,52,LE,25,Florida,,
Jaguars,Vince,Manuwai  ,82,LG,29,Hawaii,,
Jaguars,Uche,Nwaneri  ,66,LG,25,Purdue,,
Jaguars,Clint,Ingram  ,75,LOLB,26,Oklahoma,79,84
Jaguars,Tim,Shaw  ,63,LOLB,25,Penn State,79,85
Jaguars,Tra,Thomas  ,88,LT,34,Florida State,,
Jaguars,Eugene,Monroe  ,82,LT,22,Virginia,,
Jaguars,Jordan,Black  ,67,LT,29,Notre Dame,,
Jaguars,Daryl,Smith  ,85,MLB,27,Georgia Tech,75,85
Jaguars,Thomas,Williams  ,49,MLB,24,USC,70,80
Jaguars,Adam,Podlesh  ,64,P,26,Maryland,,
Jaguars,David,Garrard  ,78,QB,31,East Carolina,75,78
Jaguars,Cleo,Lemon  ,47,QB,30,Arkansas St.,65,66
Jaguars,Reggie,Hayward  ,75,RE,30,Iowa State,,
Jaguars,Derrick,Harvey  ,68,RE,22,Florida,,
Jaguars,Maurice,Williams  ,83,RG,30,Michigan,,
Jaguars,Drew,Miller  ,70,RG,24,Florida,,
Jaguars,Justin,Durant  ,72,ROLB,23,Hampton,83,88
Jaguars,Brian,Iwuh  ,50,ROLB,25,Colorado,70,82
Jaguars,Eben,Britton  ,78,RT,21,Arizona,,
Jaguars,Tony,Pashos  ,75,RT,29,Illinois,,
Jaguars,Sean,Considine  ,66,SS,27,Iowa,75,82
Jaguars,Calvin,Lowry  ,65,SS,26,Penn State,74,88
Jaguars,Marcedes,Lewis  ,78,TE,25,UCLA,72,78
Jaguars,Richard,Angulo  ,68,TE,29,W. New Mexico,67,66
Jaguars,Greg,Estandia  ,63,TE,26,UNLV,64,72
Jaguars,Torry,Holt  ,84,WR,33,N.C. State,86,87
Jaguars,Jarett,Dillard  ,70,WR,23,Rice,84,85
Jaguars,Dennis,Northcutt  ,68,WR,31,Arizona,89,87
Jaguars,Mike,Thomas  ,67,WR,22,Arizona,95,95
Jaguars,Tiquan,Underwood  ,60,WR,22,Rutgers,89,83
Jaguars,Mike,Walker  ,59,WR,24,UCF,87,86
Jaguars,Troy,Williamson  ,58,WR,26,South Carolina,92,89
Colts,Jeff,Saturday  ,93,C,34,North Carolina,,
Colts,Steve,Justice  ,70,C,25,Wake Forest,,
Colts,Kelvin,Hayden  ,87,CB,26,Illinois,87,88
Colts,Marlin,Jackson  ,82,CB,26,Michigan,83,88
Colts,Tim,Jennings  ,68,CB,25,Georgia,94,96
Colts,Dante,Hughes  ,64,CB,24,California,82,86
Colts,Jerraud,Powers  ,59,CB,22,Auburn,86,87
Colts,T.J.,Rushing  ,50,CB,26,Stanford,91,93
Colts,Eric,Foster  ,71,DT,24,Rutgers,,
Colts,Fili,Moala  ,70,DT,24,USC,,
Colts,Keyunta,Dawson  ,69,DT,23,Texas Tech,,
Colts,Terrance,Taylor  ,65,DT,23,Michigan,,
Colts,Daniel,Muir  ,57,DT,25,Kent State,,
Colts,Gijon,Robinson  ,70,FB,25,Missouri W State,,
Colts,Jacob,Tamme  ,68,FB,24,Kentucky,,
Colts,Antoine,Bethea  ,88,FS,25,Howard,88,91
Colts,Melvin,Bullitt  ,64,FS,24,Texas A&M,87,90
Colts,Joseph,Addai  ,85,HB,26,LSU,89,92
Colts,Donald,Brown  ,77,HB,22,Connecticut,88,92
Colts,Mike,Hart  ,65,HB,23,Michigan,76,82
Colts,Adam,Vinatieri  ,79,K,36,S.D. State,,
Colts,Robert,Mathis  ,92,LE,28,Alabama A&M,85,94
Colts,Raheem,Brock  ,85,LE,31,Temple,,
Colts,Ryan,Lilja  ,82,LG,27,Kansas State,,
Colts,Charlie,Johnson  ,81,LG,25,Oklahoma St.,,
Colts,Jamey,Richard  ,71,LG,24,Buffalo,,
Colts,Tyjuan,Hagler  ,65,LOLB,27,Cincinnati,79,85
Colts,Phillip,Wheeler  ,62,LOLB,24,Georgia Tech,77,87
Colts,Michael,Okwo  ,57,LOLB,24,Stanford,77,81
Colts,Tony,Ugoh  ,76,LT,25,Arkansas,,
Colts,Corey,Hilliard  ,61,LT,24,Oklahoma St.,,
Colts,Gary,Brackett  ,82,MLB,29,Rutgers,73,79
Colts,Adam,Seward  ,60,MLB,27,UNLV,74,77
Colts,Pat,McAfee  ,66,P,23,West Virginia,,
Colts,Peyton,Manning  ,99,QB,33,Tennessee,60,55
Colts,Curtis,Painter  ,62,QB,24,Purdue,65,64
Colts,Jim,Sorgi  ,47,QB,28,Wisconsin,62,64
Colts,Dwight,Freeney  ,94,RE,31,Syracuse,87,94
Colts,Marcus,Howard  ,59,RE,23,Georgia,,
Colts,Mike,Pollak  ,80,RG,24,Arizona St.,,
Colts,Dan,Federkeil  ,62,RG,25,Calgary,,
Colts,Clint,Session  ,65,ROLB,24,Pittsburgh,75,80
Colts,Freddie,Keiaho  ,64,ROLB,26,S.D. State,79,87
Colts,Ryan,Diem  ,89,RT,30,N. Illinois,,
Colts,Michael,Toudouze  ,60,RT,26,TCU,,
Colts,Bob,Sanders  ,95,SS,28,Iowa,92,94
Colts,Matt,Giordano  ,67,SS,26,California,91,90
Colts,Dallas,Clark  ,91,TE,30,Iowa,84,86
Colts,Tom,Santi  ,72,TE,23,Virginia,67,75
Colts,Reggie,Wayne  ,95,WR,30,Miami,87,92
Colts,Anthony,Gonzalez  ,75,WR,24,Ohio State,88,90
Colts,Austin,Collie  ,68,WR,23,BYU,84,88
Colts,Pierre,Garcon  ,54,WR,24,Mount Union,86,90
Colts,Roy,Hall  ,54,WR,25,Ohio State,80,78
Chiefs,Rudy,Niswanger  ,75,C,26,LSU,,
Chiefs,Eric,Ghiaciuc  ,69,C,28,Central Michigan,,
Chiefs,Brandon,Flowers  ,77,CB,23,Virginia Tech,85,90
Chiefs,Brandon,Carr  ,71,CB,23,Grand Valley St.,86,88
Chiefs,Donald,Washington  ,63,CB,23,Ohio State,87,90
Chiefs,Maurice,Leggett  ,59,CB,23,Valdosta St.,89,87
Chiefs,Travis,Daniels  ,56,CB,26,LSU,81,85
Chiefs,Ron,Edwards  ,69,DT,30,Texas A&M,,
Chiefs,Tank,Tyler  ,67,DT,24,N.C. State,,
Chiefs,Alex,Magee  ,65,DT,22,Purdue,,
Chiefs,Mike,Cox  ,70,FB,24,Georgia Tech,,
Chiefs,Jarrad,Page  ,77,FS,24,UCLA,79,84
Chiefs,Jon,McGraw  ,56,FS,30,Kansas State,74,78
Chiefs,Larry,Johnson  ,88,HB,29,Penn State,85,87
Chiefs,Jamaal,Charles  ,68,HB,23,Texas,93,96
Chiefs,Kolby,Smith  ,68,HB,24,Louisville,81,85
Chiefs,Javarris,Williams  ,64,HB,23,Tennessee St.,85,84
Chiefs,Connor,Barth  ,66,K,23,North Carolina,,
Chiefs,Tyson,Jackson  ,77,LE,23,LSU,,
Chiefs,Turk,McBride  ,67,LE,24,Tennessee,,
Chiefs,Wallace,Gilberry  ,61,LE,25,Alabama,,
Chiefs,Brian,Waters  ,94,LG,32,North Texas,,
Chiefs,Brian,De La Puente,65,LG,24,California,,
Chiefs,Tamba,Hali  ,65,LOLB,25,Penn State,67,84
Chiefs,Brian,Johnston  ,56,LOLB,23,Gardner-Webb,81,79
Chiefs,Branden,Albert  ,84,LT,24,Virginia,,
Chiefs,Herb,Taylor  ,71,LT,24,TCU,,
Chiefs,Derrick,Johnson  ,83,MLB,26,Texas,83,86
Chiefs,Mike,Vrabel  ,81,MLB,34,Ohio State,70,76
Chiefs,Zach,Thomas  ,80,MLB,36,Texas Tech,68,75
Chiefs,Monty,Beisel  ,61,MLB,31,Kansas State,66,80
Chiefs,Weston,Dacus  ,54,MLB,24,Arkansas,77,78
Chiefs,Dustin,Colquitt  ,78,P,27,Tennessee,,
Chiefs,Matt,Cassel  ,83,QB,27,USC,67,66
Chiefs,Tyler,Thigpen  ,66,QB,25,Coastal Carolina,75,77
Chiefs,Brodie,Croyle  ,56,QB,26,Alabama,55,66
Chiefs,Glenn,Dorsey  ,75,RE,24,LSU,,
Chiefs,Alfonso,Boone  ,69,RE,33,Mt S. Antonio,,
Chiefs,Mike,Goff  ,80,RG,33,Iowa,,
Chiefs,Wade,Smith  ,66,RG,28,Memphis,,
Chiefs,Demorrio,Williams  ,69,ROLB,29,Nebraska,80,89
Chiefs,Corey,Mays  ,65,ROLB,26,Notre Dame,75,74
Chiefs,Damion,McIntosh  ,71,RT,32,Kansas State,,
Chiefs,Barry,Richardson  ,59,RT,23,Clemson,,
Chiefs,Bernard,Pollard  ,78,SS,24,Purdue,77,87
Chiefs,DaJuan,Morgan  ,62,SS,23,N.C. State,79,84
Chiefs,Brad,Cottam  ,72,TE,24,Tennessee,79,84
Chiefs,Sean,Ryan  ,68,TE,28,Boston College,60,72
Chiefs,Dwayne,Bowe  ,86,WR,24,LSU,86,92
Chiefs,Bobby,Engram  ,76,WR,36,Penn State,79,85
Chiefs,Mark,Bradley  ,69,WR,27,Oklahoma,86,90
Chiefs,Devard,Darling  ,66,WR,27,Wash. St.,85,87
Chiefs,Jeff,Webb  ,66,WR,27,S.D. State,81,83
Chiefs,Quinten,Lawrence  ,51,WR,24,McNeese St.,92,95
Vikings,John,Sullivan  ,73,C,24,Notre Dame,,
Vikings,Antoine,Winfield  ,88,CB,32,Ohio State,83,87
Vikings,Cedric,Griffin  ,80,CB,26,Texas,84,87
Vikings,Asher,Allen  ,69,CB,21,Georgia,89,92
Vikings,Marcus,McCauley  ,66,CB,25,Fresno State,84,90
Vikings,Karl,Paymah  ,65,CB,26,Wash. St.,85,87
Vikings,Benny,Sapp  ,65,CB,28,Northern Iowa,86,87
Vikings,Kevin,Williams  ,97,DT,29,Oklahoma St.,,
Vikings,Pat,Williams  ,91,DT,36,Texas A&M,,
Vikings,Jimmy,Kennedy  ,62,DT,28,Penn State,,
Vikings,Fred,Evans  ,60,DT,25,Texas State,,
Vikings,Letroy,Guion  ,58,DT,22,Florida State,,
Vikings,Naufahu,Tahi  ,78,FB,28,BYU,,
Vikings,Madieu,Williams  ,74,FS,27,Maryland,80,84
Vikings,Eric,Frampton  ,60,FS,24,Wash. St.,82,84
Vikings,Adrian,Peterson  ,97,HB,24,Oklahoma,95,97
Vikings,Chester,Taylor  ,78,HB,29,Toledo,86,88
Vikings,Ryan,Longwell  ,81,K,35,California,,
Vikings,Ray,Edwards  ,75,LE,24,Purdue,,
Vikings,Jayme,Mitchell  ,53,LE,25,Ole Miss,,
Vikings,Steve,Hutchinson,98,LG,31,Michigan,,
Vikings,Brian,Daniels  ,63,LG,24,Colorado,,
Vikings,Ben,Leber  ,66,LOLB,30,Kansas State,67,79
Vikings,Heath,Farwell  ,55,LOLB,27,S.D. State,73,77
Vikings,Bryant,McKinnie  ,90,LT,29,Miami,,
Vikings,Drew,Radovich  ,62,LT,24,USC,,
Vikings,E.J.,Henderson  ,80,MLB,29,Maryland,68,78
Vikings,Jasper,Brinkley  ,63,MLB,24,South Carolina,73,76
Vikings,David,Herron  ,60,MLB,25,Michigan St.,80,80
Vikings,Chris,Kluwe  ,75,P,27,UCLA,,
Vikings,Sage,Rosenfels  ,69,QB,31,Iowa State,62,63
Vikings,Tarvaris,Jackson  ,67,QB,26,Alabama St.,83,84
Vikings,John David,Booty  ,48,QB,24,USC,58,59
Vikings,Jared,Allen  ,98,RE,27,Idaho State,,
Vikings,Brian,Robison  ,69,RE,26,Texas,,
Vikings,Anthony,Herrera  ,76,RG,29,Tennessee,,
Vikings,Artis,Hicks  ,70,RG,30,Memphis,,
Vikings,Chad,Greenway  ,83,ROLB,26,Iowa,76,85
Vikings,Erin,Henderson  ,62,ROLB,23,Maryland,70,79
Vikings,Phil,Loadholt  ,71,RT,23,Oklahoma,,
Vikings,Ryan,Cook  ,67,RT,26,New Mexico,,
Vikings,Tyrell,Johnson  ,75,SS,24,Arkansas St.,89,92
Vikings,Husain,Abdullah  ,64,SS,24,Wash. St.,87,88
Vikings,Jamarca,Sanford  ,61,SS,24,Ole Miss,82,84
Vikings,Visanthe,Shiancoe  ,78,TE,29,Morgan St.,72,82
Vikings,Jim,Kleinsasser,75,TE,32,North Dakota,65,70
Vikings,Garrett,Mills  ,68,TE,25,Tulsa,74,84
Vikings,Bernard,Berrian  ,82,WR,28,Fresno State,97,97
Vikings,Percy,Harvin  ,76,WR,21,Florida,97,98
Vikings,Bobby,Wade  ,74,WR,28,Arizona,81,85
Vikings,Sidney,Rice  ,71,WR,23,South Carolina,80,86
Vikings,Glenn,Holt  ,64,WR,25,Kentucky,84,87
Vikings,Aundrae,Allison  ,61,WR,23,East Carolina,87,89
Vikings,Darius,Reynaud  ,61,WR,24,West Virginia,88,86
Patriots,Dan,Koppen  ,91,C,29,Boston College,,
Patriots,Al,Johnson  ,71,C,30,Wisconsin,,
Patriots,Shawn,Springs  ,81,CB,34,Ohio State,87,88
Patriots,Darius,Butler  ,77,CB,23,Connecticut,89,89
Patriots,Leigh,Bodden  ,76,CB,27,Duquesne,84,87
Patriots,Jonathan,Wilhite  ,64,CB,25,Auburn,89,93
Patriots,Terrence,Wheatley  ,62,CB,24,Colorado,88,95
Patriots,Vince,Wilfork  ,90,DT,27,Miami,,
Patriots,Mike,Wright  ,73,DT,27,Cincinnati,,
Patriots,Ron,Brace  ,70,DT,22,Boston College,,
Patriots,David,Thomas  ,65,FB,26,Texas,,
Patriots,James,Sanders  ,82,FS,25,Fresno State,78,85
Patriots,Fred,Taylor  ,82,HB,33,Florida,88,89
Patriots,Laurence,Maroney  ,78,HB,24,Minnesota,83,85
Patriots,Sammy,Morris  ,75,HB,32,Texas Tech,82,85
Patriots,Kevin,Faulk  ,74,HB,33,LSU,85,87
Patriots,Stephen,Gostkowski  ,89,K,25,Memphis,,
Patriots,Ty,Warren  ,87,LE,28,Texas A&M,,
Patriots,Le Kevin,Smith  ,50,LE,27,Nebraska,,
Patriots,Logan,Mankins  ,94,LG,27,Fresno State,,
Patriots,Russ,Hochstein  ,74,LG,31,Nebraska,,
Patriots,Pierre,Woods  ,67,LOLB,27,Michigan,73,84
Patriots,Tully,Banta-Cain  ,65,LOLB,29,California,70,86
Patriots,Matt,Light  ,92,LT,31,Purdue,,
Patriots,Mark,LeVoir  ,65,LT,27,Notre Dame,,
Patriots,Jerod,Mayo  ,88,MLB,23,Tennessee,85,92
Patriots,Tedy,Bruschi  ,81,MLB,36,Arizona,67,75
Patriots,Gary,Guyton  ,70,MLB,24,Georgia Tech,85,86
Patriots,Eric,Alexander  ,55,MLB,27,LSU,67,77
Patriots,Chris,Hanson  ,71,P,32,Marshall,,
Patriots,Tom,Brady  ,97,QB,32,Michigan,63,62
Patriots,Kevin,O'Connell  ,41,QB,24,S.D. State,74,75
Patriots,Richard,Seymour  ,95,RE,29,Georgia,,
Patriots,Jarvis,Green  ,77,RE,30,LSU,,
Patriots,Stephen,Neal  ,87,RG,32,Cal-Bakersfield,,
Patriots,Rich,Ohrnberger  ,66,RG,23,Penn State,,
Patriots,Billy,Yates  ,63,RG,29,Texas A&M,,
Patriots,Adalius,Thomas  ,90,ROLB,32,Southern Miss,87,88
Patriots,Shawn,Crable  ,63,ROLB,24,Michigan,73,86
Patriots,Nick,Kaczur  ,84,RT,30,Toledo,,
Patriots,Ryan,O'Callaghan  ,65,RT,26,California,,
Patriots,Sebastian,Vollmer  ,62,RT,25,Houston,,
Patriots,Brandon,Meriweather,79,SS,25,Miami,90,94
Patriots,Patrick,Chung  ,75,SS,22,Oregon,85,85
Patriots,Benjamin,Watson  ,80,TE,28,Georgia,86,87
Patriots,Alex,Smith  ,76,TE,27,Stanford,74,79
Patriots,Chris,Baker  ,73,TE,29,Michigan St.,69,80
Patriots,Randy,Moss  ,96,WR,32,Marshall,97,93
Patriots,Wes,Welker  ,91,WR,28,Texas Tech,86,99
Patriots,Joey,Galloway  ,79,WR,37,Ohio State,91,92
Patriots,Brandon,Tate  ,69,WR,21,North Carolina,86,88
Patriots,Greg,Lewis  ,68,WR,29,Illinois,87,88
Patriots,Matthew,Slater  ,62,WR,23,UCLA,88,92
Patriots,Sam,Aiken  ,61,WR,28,North Carolina,80,81
Dolphins,Jake,Grove  ,81,C,29,Virginia Tech,,
Dolphins,Vontae,Davis  ,77,CB,21,Illinois,92,97
Dolphins,Will,Allen  ,75,CB,31,Syracuse,91,89
Dolphins,Sean,Smith  ,75,CB,22,Utah,87,87
Dolphins,Eric,Green  ,70,CB,27,Virginia Tech,80,85
Dolphins,Jason,Allen  ,65,CB,26,Tennessee,89,90
Dolphins,Nathan,Jones  ,55,CB,27,Rutgers,83,89
Dolphins,Jason,Ferguson  ,76,DT,34,Georgia,,
Dolphins,Paul,Soliai  ,63,DT,25,Utah,,
Dolphins,Joe,Cohen  ,60,DT,25,Florida,,
Dolphins,Lousaka,Polite  ,71,FB,27,Pittsburgh,66,70
Dolphins,Gibril,Wilson  ,84,FS,27,Tennessee,82,85
Dolphins,Chris,Clemons  ,64,FS,23,Clemson,92,95
Dolphins,Courtney,Bryan  ,63,FS,24,New Mex. St.,83,87
Dolphins,Ronnie,Brown  ,89,HB,27,Auburn,91,92
Dolphins,Ricky,Williams  ,77,HB,32,Texas,83,88
Dolphins,Patrick,Cobbs  ,67,HB,26,North Texas,84,87
Dolphins,Dan,Carpenter  ,63,K,24,Montana,,
Dolphins,Kendall,Langford  ,71,LE,23,Hampton,,
Dolphins,Tony,McDaniel  ,67,LE,24,Tennessee,,
Dolphins,Justin,Smiley  ,85,LG,27,Alabama,,
Dolphins,Andy,Alleman  ,73,LG,25,Akron,,
Dolphins,Jason,Taylor  ,79,LOLB,34,Akron,83,88
Dolphins,Matt,Roth  ,67,LOLB,26,Iowa,69,79
Dolphins,Quentin,Moses  ,55,LOLB,25,Georgia,71,86
Dolphins,Jake,Long  ,91,LT,24,Michigan,,
Dolphins,Brandon,Frye  ,70,LT,26,Virginia Tech,,
Dolphins,Channing,Crowder  ,81,MLB,25,Florida,74,83
Dolphins,Akin,Ayodele  ,71,MLB,29,Purdue,74,86
Dolphins,Reggie,Torbor  ,65,MLB,28,Auburn,74,88
Dolphins,William,Kershaw  ,58,MLB,24,Maryland,78,78
Dolphins,Brandon,Fields  ,60,P,25,Michigan St.,,
Dolphins,Chad,Pennington,85,QB,33,Marshall,65,62
Dolphins,Chad,Henne,66,QB,24,Michigan,60,58
Dolphins,Pat,White,65,QB,23,West Virginia,87,92
Dolphins,Phillip,Merling  ,69,RE,24,Clemson,,
Dolphins,Randy,Starks  ,67,RE,25,Maryland,,
Dolphins,Lionel,Dotson  ,50,RE,24,Arizona,,
Dolphins,Donald,Thomas  ,67,RG,23,Connecticut,,
Dolphins,Ike,Ndukwe  ,57,RG,27,Northwestern,,
Dolphins,Joey,Porter  ,94,ROLB,32,Colorado St.,78,86
Dolphins,Charlie,Anderson  ,65,ROLB,27,Ole Miss,73,82
Dolphins,Vernon,Carey  ,86,RT,28,Miami,,
Dolphins,Yeremiah,Bell  ,81,SS,31,E. Kentucky,79,85
Dolphins,Tyrone,Culver  ,64,SS,25,Fresno State,87,89
Dolphins,Anthony,Fasano  ,83,TE,25,Notre Dame,67,70
Dolphins,David,Martin  ,71,TE,30,Tennessee,70,74
Dolphins,Joey,Haynos  ,68,TE,25,Maryland,72,75
Dolphins,Ted,Ginn Jr.,78,WR,24,Ohio State,97,98
Dolphins,Greg,Camarillo  ,74,WR,27,Stanford,82,86
Dolphins,Davone,Bess  ,73,WR,24,Hawaii,87,90
Dolphins,Patrick,Turner  ,67,WR,22,USC,81,86
Dolphins,Ernest,Wilford  ,65,WR,30,Virginia Tech,73,75
Dolphins,Brandon,London  ,62,WR,25,Massachusetts,86,87
Jets,Nick,Mangold  ,94,C,25,Ohio State,,
Jets,Robert,Turner  ,61,C,25,New Mexico,,
Jets,Darrelle,Revis  ,91,CB,24,Pittsburgh,90,95
Jets,Lito,Sheppard  ,77,CB,28,Florida,88,93
Jets,Dwight,Lowery  ,72,CB,23,San Jose St.,85,87
Jets,Ahmad,Carroll  ,65,CB,25,Arkansas,93,92
Jets,Donald,Strickland  ,63,CB,28,Colorado,86,85
Jets,Drew,Coleman  ,48,CB,26,TCU,82,86
Jets,Kris,Jenkins  ,95,DT,30,Maryland,,
Jets,Sione,Pouha  ,68,DT,30,Utah,,
Jets,Howard,Green  ,66,DT,30,LSU,,
Jets,Tony,Richardson  ,97,FB,37,Auburn,75,84
Jets,Jehuu,Caulcrick  ,62,FB,26,Michigan St.,82,80
Jets,Kerry,Rhodes  ,92,FS,27,Louisville,82,90
Jets,James,Ihedigbo  ,59,FS,25,Massachusetts,83,82
Jets,Thomas,Jones  ,90,HB,31,Virginia,87,93
Jets,Leon,Washington  ,79,HB,27,Florida State,93,97
Jets,Shonn,Greene  ,73,HB,24,Iowa,82,85
Jets,Jay,Feely  ,77,K,33,Michigan,,
Jets,Shaun,Ellis  ,86,LE,32,Tennessee,,
Jets,Kareem,Brown  ,56,LE,26,Miami,,
Jets,Mike,Devito  ,50,LE,25,Maine,,
Jets,Alan,Faneca  ,97,LG,32,LSU,,
Jets,Stanley,Daniels  ,62,LG,25,Washington,,
Jets,Bryan,Thomas  ,75,LOLB,30,UAB,73,86
Jets,Vernon,Gholston  ,70,LOLB,23,Ohio State,75,87
Jets,D'Brickashaw,Ferguson  ,80,LT,25,Virginia,,
Jets,Mike,Kracalik  ,56,LT,26,S.D. State,,
Jets,Bart,Scott  ,90,MLB,29,S. Illinois,78,84
Jets,David,Harris  ,74,MLB,25,Michigan,72,77
Jets,Larry,Izzo  ,61,MLB,34,Rice,69,75
Jets,Jason,Trusnik  ,55,MLB,25,Ohio Northern,72,84
Jets,Eric,Wilbur  ,38,P,24,Florida,,
Jets,Mark,Sanchez  ,78,QB,22,USC,68,72
Jets,Kellen,Clemens  ,69,QB,26,Oregon,66,68
Jets,Erik,Ainge  ,42,QB,23,Tennessee,54,58
Jets,Marques,Douglas  ,72,RE,32,Howard,,
Jets,Brandon,Moore  ,81,RG,29,Illinois,,
Jets,Matthew,Slauson  ,67,RG,23,Nebraska,,
Jets,Calvin,Pace  ,82,ROLB,28,Wake Forest,77,88
Jets,Marques,Murrell  ,64,ROLB,24,Appalach. St.,75,79
Jets,Damien,Woody  ,85,RT,31,Boston College,,
Jets,Wayne,Hunter  ,57,RT,27,Hawaii,,
Jets,Jim,Leonhard  ,79,SS,26,Wisconsin,83,86
Jets,Eric,Smith  ,67,SS,26,Michigan St.,77,82
Jets,Dustin,Keller  ,77,TE,24,Purdue,86,90
Jets,Bubba,Franks  ,74,TE,31,Miami,54,64
Jets,James,Dearth  ,46,TE,33,Tarleton State,58,60
Jets,Jerricho,Cotchery  ,81,WR,27,N.C. State,82,85
Jets,Chansi,Stuckey  ,67,WR,25,Clemson,87,91
Jets,David,Clowney  ,66,WR,23,Virginia Tech,94,95
Jets,Brad,Smith  ,66,WR,25,Missouri,85,88
Jets,Wallace,Wright  ,58,WR,25,North Carolina,85,84
Jets,Marcus,Henry  ,53,WR,23,Kansas,80,85
Saints,Jonathan,Goodwin  ,67,C,30,Michigan,,
Saints,Nick,Leckey  ,65,C,27,Kansas State,,
Saints,Malcolm,Jenkins  ,79,CB,21,Ohio State,86,93
Saints,Jabari,Greer  ,77,CB,27,Tennessee,86,88
Saints,Randall,Gay  ,75,CB,27,LSU,83,87
Saints,Tracy,Porter  ,68,CB,23,Indiana,87,91
Saints,Jason,David  ,50,CB,27,Wash. St.,77,88
Saints,Sedrick,Ellis  ,85,DT,24,USC,,
Saints,Kendrick,Clancy  ,69,DT,30,Ole Miss,,
Saints,DeMario,Pressley  ,59,DT,23,N.C. State,,
Saints,Heath,Evans  ,82,FB,30,Auburn,,
Saints,Darren,Sharper  ,87,FS,33,William & Mary,81,85
Saints,Pierson,Prioleau  ,66,FS,32,Virginia Tech,72,84
Saints,Usama,Young  ,51,FS,24,Kent State,88,92
Saints,Reggie,Bush  ,79,HB,24,USC,97,98
Saints,Pierre,Thomas  ,77,HB,24,Illinois,84,87
Saints,Garrett,Hartley  ,68,K,23,Oklahoma,,
Saints,Charles,Grant  ,76,LE,30,Georgia,,
Saints,Paul,Spicer  ,73,LE,33,Saginaw Valley,,
Saints,Carl,Nicks  ,78,LG,26,Nebraska,,
Saints,Jamar,Nesbit  ,75,LG,32,South Carolina,,
Saints,Scott,Fujita  ,68,LOLB,30,California,75,86
Saints,Troy,Evans  ,51,LOLB,31,Cincinnati,68,75
Saints,Jammal,Brown  ,93,LT,28,Oklahoma,,
Saints,Jermon,Bushrod  ,67,LT,25,Towson State,,
Saints,Jonathan,Vilma  ,87,MLB,27,Miami,83,88
Saints,Dan,Morgan  ,74,MLB,30,Miami,79,82
Saints,Mark,Simoneau  ,71,MLB,32,Kansas State,71,82
Saints,Marvin,Mitchell  ,44,MLB,24,Tennessee,63,75
Saints,Glenn,Pakulak  ,61,P,29,Kentucky,,
Saints,Drew,Brees  ,96,QB,30,Purdue,64,65
Saints,Joey,Harrington  ,63,QB,30,Oregon,65,62
Saints,Mark,Brunell  ,62,QB,38,Washington,55,56
Saints,Will,Smith  ,84,RE,28,Ohio State,,
Saints,Bobby,McCray  ,79,RE,28,Florida,,
Saints,Jahri,Evans  ,80,RG,26,Bloomsburg,,
Saints,Tim,Duckworth  ,60,RG,26,Auburn,,
Saints,Scott,Shanle  ,68,ROLB,29,Nebraska,77,85
Saints,Jo-Lonn,Dunbar  ,59,ROLB,24,Boston College,75,79
Saints,Stanley,Arnoux  ,51,ROLB,22,Wake Forest,87,86
Saints,Jon,Stinchcomb,75,RT,30,Georgia,,
Saints,Zach,Strief  ,62,RT,25,Northwestern,,
Saints,Roman,Harper  ,75,SS,26,Alabama,75,82
Saints,Chip,Vaughn  ,63,SS,23,Wake Forest,90,87
Saints,Chris,Reis  ,51,SS,25,Georgia Tech,79,81
Saints,Jeremy,Shockey  ,85,TE,29,Miami,75,79
Saints,Dan,Campbell  ,75,TE,33,Texas A&M,59,70
Saints,Billy,Miller  ,68,TE,32,USC,78,82
Saints,Marques,Colston  ,87,WR,26,Hofstra,81,86
Saints,Lance,Moore  ,81,WR,26,Toledo,88,94
Saints,Devery,Henderson  ,67,WR,27,LSU,95,96
Saints,Robert,Meachem  ,59,WR,24,Tennessee,86,85
Saints,Skyler,Green  ,53,WR,24,LSU,90,94
Saints,Adrian,Arrington  ,45,WR,23,Michigan,79,84
Falcons,Todd,McClure  ,78,C,32,LSU,,
Falcons,Brett,Romberg  ,76,C,29,Miami,,
Falcons,Chris,Houston  ,75,CB,24,Arkansas,93,94
Falcons,Chevis,Jackson  ,73,CB,23,LSU,83,87
Falcons,Von,Hutchins  ,69,CB,28,Ole Miss,87,92
Falcons,Chris,Owens  ,61,CB,22,San Jose St.,88,93
Falcons,Brent,Grimes  ,46,CB,26,Shippensburg,81,87
Falcons,Peria,Jerry  ,78,DT,25,Ole Miss,,
Falcons,Jonathan,Babineaux ,73,DT,27,Iowa,,
Falcons,Trey,Lewis  ,64,DT,24,Washburn,,
Falcons,Vance,Walker  ,62,DT,22,Georgia Tech,,
Falcons,Jason,Jefferson  ,58,DT,27,Wisconsin,,
Falcons,Ovie,Mughelli  ,86,FB,29,Wake Forest,67,74
Falcons,Erik,Coleman  ,78,FS,27,Wash. St.,81,82
Falcons,William,Moore  ,75,FS,24,Missouri,85,84
Falcons,Michael,Turner  ,95,HB,27,N. Illinois,91,96
Falcons,Jerious,Norwood  ,79,HB,26,Mississippi St.,95,97
Falcons,Thomas,Brown  ,64,HB,23,Georgia,87,91
Falcons,Jason,Snelling  ,63,HB,25,Virginia,72,75
Falcons,Jason,Elam  ,92,K,39,Hawaii,,
Falcons,Jamaal,Anderson  ,70,LE,23,Arkansas,,
Falcons,Simon,Fraser  ,60,LE,26,Ohio State,,
Falcons,Justin,Blalock  ,73,LG,25,Texas,,
Falcons,Ben,Wilkerson  ,70,LG,26,LSU,,
Falcons,Mike,Peterson  ,80,LOLB,33,Florida,75,80
Falcons,Stephen,Nicholas  ,66,LOLB,26,USF,72,85
Falcons,Sam,Baker  ,84,LT,24,USC,,
Falcons,Quinn,Ojinnaka  ,63,LT,25,Syracuse,,
Falcons,Curtis,Lofton  ,80,MLB,23,Oklahoma,77,84
Falcons,Tony,Gilbert  ,62,MLB,29,Georgia,66,72
Falcons,Spencer,Adkins  ,55,MLB,22,Miami,81,85
Falcons,Michael,Koenen  ,80,P,27,Western Wash.,,
Falcons,Matt,Ryan  ,85,QB,24,Boston College,67,62
Falcons,Chris,Redman  ,55,QB,32,Louisville,56,58
Falcons,D.J.,Shockley  ,42,QB,26,Georgia,83,86
Falcons,John,Abraham  ,95,RE,31,South Carolina,,
Falcons,Chauncey,Davis  ,74,RE,26,Florida State,,
Falcons,Lawrence,Sidbury  ,70,RE,23,Richmond,,
Falcons,Kroy,Biermann  ,60,RE,23,Montana,,
Falcons,Harvey,Dahl  ,77,RG,28,Nevada,,
Falcons,Coy,Wire  ,59,ROLB,29,Stanford,84,83
Falcons,Robert,James  ,54,ROLB,25,Arizona St.,71,82
Falcons,Tyson,Clabo  ,81,RT,27,Wake Forest,,
Falcons,Garrett,Reynolds  ,60,RT,22,North Carolina,,
Falcons,Thomas,DeCoud  ,64,SS,24,California,85,86
Falcons,Antoine,Harris  ,64,SS,27,Louisville,87,90
Falcons,Tony,Gonzalez  ,98,TE,33,California,82,82
Falcons,Justin,Peelle  ,72,TE,30,Oregon,64,76
Falcons,Ben,Hartsock  ,64,TE,29,Ohio State,58,73
Falcons,Roddy,White  ,93,WR,27,UAB,94,95
Falcons,Michael,Jenkins  ,79,WR,27,Ohio State,81,84
Falcons,Harry,Douglas  ,68,WR,23,Louisville,89,92
Falcons,Brian,Finneran  ,67,WR,33,Villanova,72,75
Falcons,Aaron,Kelly  ,64,WR,23,Clemson,80,84
Ravens,Matt,Birk  ,88,C,33,Harvard,,
Ravens,Chris,Chester  ,78,C,26,Oklahoma,,
Ravens,Domonique,Foxworth  ,82,CB,26,Maryland,93,95
Ravens,Fabian,Washington  ,77,CB,26,Nebraska,98,97
Ravens,Samari,Rolle  ,75,CB,33,Florida State,85,87
Ravens,Lardarius,Webb  ,71,CB,23,Nicholls St.,93,94
Ravens,Chris,Carr  ,65,CB,26,Boise State,91,94
Ravens,Frank,Walker  ,49,CB,28,Tuskegee,80,86
Ravens,Kelly,Gregg  ,77,DT,32,Oklahoma,,
Ravens,Brandon,McKinney  ,65,DT,26,Michigan St.,,
Ravens,Lamar,Divens  ,64,DT,24,Tennessee St.,,
Ravens,Le'Ron,McClain  ,92,FB,24,Alabama,81,84
Ravens,Ed,Reed  ,99,FS,30,Miami,93,94
Ravens,Haruki,Nakamura  ,62,FS,23,Cincinnati,84,87
Ravens,Willis,McGahee  ,83,HB,27,Miami,82,86
Ravens,Ray,Rice  ,78,HB,22,Rutgers,85,90
Ravens,Cedric,Peerman  ,68,HB,22,Virginia,93,86
Ravens,Steven,Hauschka  ,59,K,24,N.C. State,,
Ravens,Trevor,Pryce  ,83,LE,34,Clemson,,
Ravens,Dwan,Edwards  ,71,LE,28,Oregon State,,
Ravens,Ben,Grubbs  ,84,LG,25,Auburn,,
Ravens,David,Hale  ,69,LG,26,Weber State,,
Ravens,Jarret,Johnson  ,79,LOLB,28,Alabama,69,82
Ravens,Paul,Kruger  ,71,LOLB,23,Utah,73,77
Ravens,Prescott,Burgess  ,50,LOLB,24,Michigan,72,79
Ravens,Jared,Gaither  ,79,LT,23,Maryland,,
Ravens,Michael,Oher  ,77,LT,23,Ole Miss,,
Ravens,Oniel,Cousins  ,68,LT,25,UTEP,,
Ravens,Ray,Lewis  ,97,MLB,34,Miami,83,86
Ravens,Tavares,Gooden  ,65,MLB,24,Miami,82,90
Ravens,Brendon,Ayanbadejo,63,MLB,33,UCLA,71,77
Ravens,Jameel,McClain  ,63,MLB,24,Syracuse,80,82
Ravens,Sam,Koch  ,86,P,27,Nebraska,,
Ravens,Joe,Flacco  ,81,QB,24,Delaware,70,67
Ravens,Troy,Smith  ,59,QB,25,Ohio State,82,86
Ravens,John,Beck  ,48,QB,28,BYU,64,70
Ravens,Haloti,Ngata  ,90,RE,25,Oregon,,
Ravens,Justin,Bannan  ,74,RE,30,Colorado,,
Ravens,Marshal,Yanda  ,77,RG,24,Iowa,,
Ravens,Tre,Stallings  ,62,RG,26,Ole Miss,,
Ravens,Terrell,Suggs  ,90,ROLB,26,Arizona St.,83,95
Ravens,Antwan,Barnes  ,70,ROLB,24,FIU,86,92
Ravens,Willie,Anderson  ,82,RT,34,Auburn,,
Ravens,Adam,Terry  ,72,RT,27,Syracuse,,
Ravens,Dawan,Landry  ,71,SS,26,Georgia Tech,78,81
Ravens,Tom,Zbikowski  ,63,SS,24,Notre Dame,85,87
Ravens,Todd,Heap  ,84,TE,29,Arizona St.,82,84
Ravens,L.J.,Smith  ,77,TE,29,Rutgers,72,77
Ravens,Quinn,Sypniewski  ,65,TE,26,Colorado,70,80
Ravens,Derrick,Mason  ,88,WR,35,Michigan St.,85,90
Ravens,Mark,Clayton  ,77,WR,27,Oklahoma,86,92
Ravens,Demetrius,Williams  ,66,WR,26,Oregon,82,85
Ravens,Marcus,Smith  ,49,WR,24,New Mexico,82,84
Ravens,Yamon,Figurs  ,39,WR,27,Kansas State,95,97
49ers,Eric,Heitmann  ,77,C,29,Stanford,,
49ers,Cody,Wallace  ,70,C,25,Texas A&M,,
49ers,Nate,Clements  ,84,CB,29,Ohio State,86,91
49ers,Walt,Harris  ,76,CB,35,Mississippi St.,76,84
49ers,Shawntae,Spencer  ,67,CB,27,Pittsburgh,85,92
49ers,Tarell,Brown  ,59,CB,24,Texas,85,93
49ers,Marcus,Hudson  ,48,CB,26,N.C. State,80,85
49ers,Isaac,Sopoaga  ,80,DT,27,Hawaii,,
49ers,Aubrayo,Franklin  ,67,DT,29,Tennessee,,
49ers,Moran,Norris  ,77,FB,31,Kansas,,
49ers,Zak,Keasey  ,62,FB,27,Princeton,,
49ers,Dashon,Goldson  ,62,FS,24,Washington,78,86
49ers,Mark,Roman  ,55,FS,32,LSU,78,80
49ers,Frank,Gore  ,91,HB,26,Miami,92,93
49ers,Glen,Coffee  ,69,HB,22,Alabama,87,92
49ers,Michael,Robinson  ,65,HB,26,Penn State,76,84
49ers,Joe,Nedney  ,83,K,36,San Jose St.,,
49ers,Kentwan,Balmer  ,68,LE,22,North Carolina,,
49ers,Ricky,Jean-Francois,62,LE,22,LSU,,
49ers,Demetric,Evans  ,61,LE,30,Georgia,,
49ers,David,Baas  ,77,LG,27,Michigan,,
49ers,Jacob,Bender  ,66,LG,24,Nicholls St.,,
49ers,Manny,Lawson  ,72,LOLB,25,N.C. State,89,95
49ers,Jay,Moore  ,61,LOLB,26,Nebraska,67,80
49ers,Joe,Staley  ,85,LT,25,Central Michigan,,
49ers,Barry,Sims  ,76,LT,34,Utah,,
49ers,Patrick,Willis  ,98,MLB,24,Ole Miss,90,96
49ers,Takeo,Spikes  ,78,MLB,32,Auburn,74,77
49ers,Jeff,Ulbrich  ,70,MLB,32,Hawaii,63,76
49ers,Scott,McKillop  ,67,MLB,23,Pittsburgh,71,74
49ers,Andy,Lee  ,92,P,27,Pittsburgh,,
49ers,Shaun,Hill  ,69,QB,29,Maryland,69,60
49ers,Alex,Smith  ,67,QB,25,Utah,70,74
49ers,Nate,Davis  ,64,QB,22,Ball State,67,80
49ers,Damon,Huard  ,58,QB,36,Washington,57,59
49ers,Justin,Smith  ,83,RE,29,Missouri,,
49ers,Ray,McDonald  ,67,RE,24,Florida,,
49ers,Chilo,Rachal  ,80,RG,23,USC,,
49ers,Tony,Wragge  ,71,RG,30,New Mex. St.,,
49ers,Parys,Haralson  ,76,ROLB,25,Tennessee,77,88
49ers,Marvel,Smith  ,82,RT,31,Arizona St.,,
49ers,Adam,Snyder  ,74,RT,27,Oregon,,
49ers,Michael,Lewis  ,80,SS,29,Colorado,75,82
49ers,Reggie,Smith  ,64,SS,22,Oklahoma,85,90
49ers,Vernon,Davis  ,78,TE,25,Maryland,88,91
49ers,Delanie,Walker  ,66,TE,25,Central Michigan,83,86
49ers,Bear,Pascoe  ,63,TE,23,Fresno State,63,69
49ers,Michael,Crabtree  ,84,WR,21,Texas Tech,88,90
49ers,Isaac,Bruce  ,79,WR,36,Memphis,85,89
49ers,Josh,Morgan  ,74,WR,24,Virginia Tech,88,92
49ers,Arnaz,Battle  ,72,WR,29,Notre Dame,80,84
49ers,Brandon,Jones  ,70,WR,27,Oklahoma,87,90
49ers,Jason,Hill  ,66,WR,24,Wash. St.,87,88
49ers,Dominique,Zeigler  ,62,WR,25,Baylor,86,87
Raiders,Samson,Satele  ,82,C,24,Hawaii,,
Raiders,John,Wade  ,81,C,34,Marshall,,
Raiders,Nnamdi,Asomugha  ,99,CB,28,California,94,95
Raiders,Chris,Johnson  ,80,CB,30,Louisville,95,93
Raiders,Stanford,Routt  ,72,CB,26,Houston,95,94
Raiders,Justin,Miller  ,57,CB,25,Clemson,95,96
Raiders,Darrick,Brown  ,47,CB,25,McNeese St.,93,94
Raiders,John,Bowie  ,39,CB,25,Cincinnati,94,95
Raiders,Tommy,Kelly  ,80,DT,28,Mississippi St.,,
Raiders,Gerard,Warren  ,68,DT,31,Florida,,
Raiders,William,Joseph  ,66,DT,30,Miami,,
Raiders,Terdell,Sands  ,64,DT,29,Tenn-Chat,,
Raiders,Ryan,Boschetti  ,59,DT,27,UCLA,,
Raiders,Lorenzo,Neal  ,91,FB,38,Fresno State,65,66
Raiders,Oren,O'Neal  ,74,FB,25,Arkansas St.,70,72
Raiders,Hiram,Eugene  ,71,FS,28,LA. Tech,83,86
Raiders,Tyvon,Branch  ,61,FS,22,Connecticut,92,94
Raiders,Justin,Fargas  ,79,HB,29,USC,88,90
Raiders,Darren,McFadden  ,79,HB,22,Arkansas,94,96
Raiders,Michael,Bush  ,75,HB,25,Louisville,80,85
Raiders,Sebastian,Janikowski  ,73,K,31,Florida State,,
Raiders,Jay,Richardson  ,69,LE,25,Ohio State,,
Raiders,Matt,Shaughnessy  ,67,LE,22,Wisconsin,,
Raiders,Trevor,Scott  ,64,LE,25,Buffalo,,
Raiders,Robert,Gallery  ,79,LG,29,Iowa,,
Raiders,Chris,Morris  ,61,LG,26,Michigan St.,,
Raiders,Ricky,Brown  ,65,LOLB,25,Boston College,76,78
Raiders,Sam,Williams  ,58,LOLB,29,Fresno State,80,84
Raiders,Khalif,Barnes  ,80,LT,27,Washington,,
Raiders,Mario,Henderson  ,74,LT,24,Florida State,,
Raiders,Kirk,Morrison  ,87,MLB,27,S.D. State,75,82
Raiders,Isaiah,Ekejiuba  ,48,MLB,26,Virginia,75,84
Raiders,Shane,Lechler  ,98,P,33,Texas A&M,,
Raiders,Jeff,Garcia  ,75,QB,39,San Jose St.,73,71
Raiders,JaMarcus,Russell  ,72,QB,24,LSU,70,74
Raiders,Andrew,Walter  ,57,QB,27,Arizona St.,54,57
Raiders,Derrick,Burgess  ,87,RE,31,Ole Miss,,
Raiders,Greyson,Gunheim  ,57,RE,23,Washington,,
Raiders,Cooper,Carlisle  ,81,RG,32,Florida,,
Raiders,Paul,McQuistan  ,72,RG,26,Weber State,,
Raiders,Thomas,Howard  ,85,ROLB,26,UTEP,86,92
Raiders,Jon,Alston  ,45,ROLB,26,Stanford,84,87
Raiders,Cornell,Green  ,74,RT,33,UCF,,
Raiders,Marcus,Johnson  ,67,RT,27,Ole Miss,,
Raiders,Michael,Huff  ,71,SS,26,Texas,87,86
Raiders,Michael,Mitchell  ,68,SS,23,Ohio,88,87
Raiders,Zach,Miller  ,86,TE,23,Arizona St.,72,77
Raiders,Tony,Stewart  ,69,TE,30,Penn State,66,78
Raiders,Darrius,Heyward-Bey,76,WR,22,Maryland,97,97
Raiders,Louis,Murphy  ,71,WR,22,Florida,93,89
Raiders,Javon,Walker  ,71,WR,30,Florida State,84,79
Raiders,Johnnie Lee,Higgins  ,69,WR,25,UTEP,93,96
Raiders,Chaz,Schilens  ,64,WR,23,S.D. State,92,94
Raiders,Arman,Shields  ,50,WR,24,Richmond,88,90
Eagles,Jamaal,Jackson  ,84,C,29,Delaware St.,,
Eagles,Nick,Cole  ,65,C,24,New Mex. St.,,
Eagles,Asante,Samuel  ,95,CB,28,UCF,90,95
Eagles,Sheldon,Brown  ,87,CB,30,South Carolina,87,91
Eagles,Ellis,Hobbs  ,83,CB,26,Iowa State,90,93
Eagles,Joselio,Hanson  ,75,CB,28,Texas Tech,86,88
Eagles,Macho,Harris  ,69,CB,23,Virginia Tech,85,88
Eagles,Jack,Ikegwuonu  ,53,CB,23,Wisconsin,85,86
Eagles,Brodrick,Bunkley  ,82,DT,25,Florida State,,
Eagles,Mike,Patterson  ,74,DT,25,USC,,
Eagles,Trevor,Laws  ,70,DT,24,Notre Dame,,
Eagles,Dan,Klecko  ,65,DT,28,Temple,,
Eagles,Amon,Gordon  ,60,DT,27,Stanford,,
Eagles,Leonard,Weaver  ,82,FB,26,Carson-Newman,79,84
Eagles,Sean,Jones  ,80,FS,27,Georgia,86,88
Eagles,Quintin,Demps  ,65,FS,24,UTEP,89,93
Eagles,Brian,Westbrook  ,94,HB,29,Villanova,94,99
Eagles,LeSean,McCoy  ,75,HB,21,Pittsburgh,92,95
Eagles,Lorenzo,Booker  ,66,HB,25,Florida State,92,95
Eagles,David,Akers  ,77,K,34,Louisville,,
Eagles,Juqua,Parker  ,80,LE,31,Oklahoma St.,,
Eagles,Chris,Clemons  ,72,LE,27,Georgia,,
Eagles,Victor,Abiamiri  ,69,LE,23,Notre Dame,,
Eagles,Todd,Herremans  ,87,LG,26,Saginaw Valley,,
Eagles,Max,Jean-Gilles  ,69,LG,25,Georgia,,
Eagles,Chris,Gocong  ,70,LOLB,25,Cal Poly SLO,70,82
Eagles,Tank,Daniels  ,59,LOLB,28,Harding,77,79
Eagles,Jason,Peters  ,95,LT,27,Arkansas,,
Eagles,Winston,Justice  ,66,LT,24,USC,,
Eagles,Stewart,Bradley  ,77,MLB,25,Nebraska,73,82
Eagles,Joe,Mays  ,62,MLB,24,North Dakota St.,75,82
Eagles,Saverio,Rocca  ,59,P,35,No College,,
Eagles,Donovan,McNabb  ,90,QB,32,Syracuse,78,75
Eagles,Kevin,Kolb  ,68,QB,25,Houston,72,74
Eagles,A.J.,Feeley  ,51,QB,32,Oregon,54,56
Eagles,Trent,Cole  ,91,RE,26,Cincinnati,84,92
Eagles,Darren,Howard  ,78,RE,32,Kansas State,,
Eagles,Shawn,Andrews  ,92,RG,26,Arkansas,,
Eagles,Mike,Gibson  ,66,RG,23,California,,
Eagles,Akeem,Jordan  ,70,ROLB,24,J. Madison,76,82
Eagles,Omar,Gaither  ,65,ROLB,25,Tennessee,75,85
Eagles,Stacy,Andrews  ,87,RT,28,Ole Miss,,
Eagles,Fenuki,Tupou  ,65,RT,24,Oregon,,
Eagles,Quintin,Mikell  ,86,SS,28,Boise State,82,86
Eagles,Rashad,Baker  ,67,SS,27,Tennessee,80,84
Eagles,Brent,Celek  ,73,TE,24,Cincinnati,75,77
Eagles,Matt,Schobel  ,72,TE,30,TCU,74,77
Eagles,Cornelius,Ingram  ,63,TE,24,Florida,84,88
Eagles,DeSean,Jackson  ,81,WR,22,California,95,98
Eagles,Jeremy,Maclin  ,78,WR,21,Missouri,96,98
Eagles,Kevin,Curtis  ,76,WR,31,Utah State,92,94
Eagles,Reggie,Brown  ,72,WR,28,Georgia,85,83
Eagles,Jason,Avant  ,65,WR,26,Michigan,77,81
Eagles,Hank,Baskett  ,64,WR,27,New Mexico,81,84
Steelers,Justin,Hartwig  ,86,C,30,Kansas,,
Steelers,A.Q.,Shipley  ,66,C,23,Penn State,,
Steelers,Ike,Taylor  ,86,CB,29,UL Lafayette,87,94
Steelers,Deshea,Townsend  ,82,CB,33,Alabama,79,84
Steelers,Joe,Burnett  ,64,CB,22,UCF,83,86
Steelers,William,Gay  ,63,CB,24,Louisville,85,88
Steelers,Kennan,Lewis  ,61,CB,23,Oregon State,84,87
Steelers,Anthony,Madison  ,51,CB,27,Alabama,81,85
Steelers,Casey,Hampton  ,91,DT,32,Texas,,
Steelers,Chris,Hoke  ,74,DT,33,BYU,,
Steelers,Scott,Paxson  ,55,DT,26,Penn State,,
Steelers,Carey,Davis  ,77,FB,28,Illinois,77,82
Steelers,Frank,Summers  ,54,FB,23,UNLV,75,80
Steelers,Ryan,Clark  ,83,FS,29,LSU,81,85
Steelers,Willie,Parker  ,86,HB,28,North Carolina,95,95
Steelers,Mewelde,Moore  ,73,HB,27,Tulane,84,88
Steelers,Rashard,Mendenhall  ,72,HB,22,Illinois,83,91
Steelers,Jeff,Reed  ,76,K,30,North Carolina,,
Steelers,Aaron,Smith  ,91,LE,33,N. Colorado,,
Steelers,Travis,Kirschke  ,65,LE,35,UCLA,,
Steelers,Ra'Shon,Harris  ,50,LE,23,Oregon,,
Steelers,Chris,Kemoeatu  ,76,LG,26,Utah,,
Steelers,Jeremy,Parquet  ,72,LG,24,Southern Miss,,
Steelers,LaMarr,Woodley  ,88,LOLB,24,Michigan,82,88
Steelers,Andre,Frazier  ,59,LOLB,27,Cincinnati,72,78
Steelers,Max,Starks  ,83,LT,27,Florida,,
Steelers,Tony,Hills  ,70,LT,24,Texas,,
Steelers,James,Farrior  ,95,MLB,34,Virginia,75,80
Steelers,Lawrence,Timmons  ,74,MLB,23,Florida State,78,92
Steelers,Keyaron,Fox  ,59,MLB,27,Georgia Tech,74,85
Steelers,Daniel,Sepulveda  ,72,P,25,Baylor,51,53
Steelers,Ben,Roethlisberger,93,QB,27,Miami Univ.,70,70
Steelers,Charlie,Batch  ,67,QB,34,Eastern Michigan,53,54
Steelers,Dennis,Dixon  ,42,QB,24,Oregon,83,84
Steelers,Brett,Keisel  ,76,RE,30,BYU,,
Steelers,Evander,Hood  ,75,RE,22,Missouri,,
Steelers,Nick,Eason  ,55,RE,29,Clemson,,
Steelers,Kraig,Urbik  ,71,RG,23,Wisconsin,,
Steelers,Darnell,Stapleton  ,70,RG,24,Rutgers,,
Steelers,James,Harrison  ,97,ROLB,31,Kent State,85,87
Steelers,Bruce,Davis  ,62,ROLB,23,UCLA,74,92
Steelers,Arnold,Harrison  ,62,ROLB,26,Georgia,68,79
Steelers,Willie,Colon  ,78,RT,26,Hofstra,,
Steelers,Trai,Essex  ,71,RT,26,Northwestern,,
Steelers,Troy,Polamalu  ,99,SS,28,USC,93,95
Steelers,Tyrone,Carter  ,67,SS,33,Minnesota,80,80
Steelers,Heath,Miller  ,88,TE,26,Virginia,70,76
Steelers,Sean,McHugh  ,68,TE,27,Penn State,62,65
Steelers,Matt,Spaeth  ,66,TE,25,Minnesota,63,72
Steelers,Hines,Ward  ,90,WR,33,Georgia,82,86
Steelers,Santonio,Holmes  ,86,WR,25,Ohio State,93,96
Steelers,Shaun,McDonald  ,68,WR,28,Arizona St.,92,90
Steelers,Limas,Sweed  ,64,WR,25,Texas,81,85
Steelers,Mike,Wallace  ,57,WR,23,Ole Miss,94,95
Chargers,Nick,Hardwick  ,89,C,27,Purdue,,
Chargers,Tyronne,Green  ,67,C,23,Auburn,,
Chargers,Quentin,Jammer  ,88,CB,30,Texas,88,92
Chargers,Antonio,Cromartie  ,84,CB,25,Florida State,95,96
Chargers,Antoine,Cason  ,77,CB,23,Arizona,87,91
Chargers,Brandon,Hughes  ,63,CB,23,Oregon State,87,91
Chargers,Cletis,Gordon  ,50,CB,27,Jackson St.,89,96
Chargers,Jamal,Williams  ,93,DT,33,Oklahoma St.,,
Chargers,Ian,Scott  ,70,DT,27,Florida,,
Chargers,Vaughn,Martin  ,54,DT,23,Western Ontario,,
Chargers,Mike,Tolbert  ,73,FB,24,Coastal Carolina,76,74
Chargers,Jacob,Hester  ,70,FB,24,LSU,79,88
Chargers,Eric,Weddle  ,84,FS,24,Utah,82,88
Chargers,Paul,Oliver  ,55,FS,25,Georgia,87,91
Chargers,LaDainian,Tomlinson  ,94,HB,30,TCU,90,91
Chargers,Darren,Sproles  ,85,HB,26,Kansas State,94,98
Chargers,Gartrell,Johnson  ,65,HB,23,Colorado St.,79,81
Chargers,Nate,Kaeding  ,91,K,27,Iowa,,
Chargers,Jacques,Cesaire  ,73,LE,29,S. Connecticut St.,,
Chargers,Ryon,Bingham  ,61,LE,28,Nebraska,,
Chargers,Kris,Dielman  ,92,LG,28,Indiana,,
Chargers,Louis,Vasquez  ,68,LG,22,Texas Tech,,
Chargers,Shaun,Phillips  ,89,LOLB,28,Purdue,83,92
Chargers,Larry,English  ,72,LOLB,23,N. Illinois,79,83
Chargers,Marcus,McNeill  ,89,LT,25,Auburn,,
Chargers,L.J.,Shelton  ,73,LT,33,Eastern Michigan,,
Chargers,Stephen,Cooper  ,77,MLB,30,Maine,76,81
Chargers,Kevin,Burnett  ,70,MLB,26,Tennessee,78,87
Chargers,Tim,Dobbins  ,65,MLB,25,Iowa State,79,82
Chargers,Matt,Wilhelm  ,65,MLB,28,Ohio State,65,78
Chargers,Brandon,Siler  ,61,MLB,23,Florida,75,87
Chargers,Mike,Scifres  ,93,P,28,W. Illinois,,
Chargers,Philip,Rivers  ,89,QB,27,N.C. State,63,65
Chargers,Billy,Volek  ,67,QB,33,Fresno State,55,58
Chargers,Charlie,Whitehurst  ,55,QB,27,Clemson,64,62
Chargers,Luis,Castillo  ,89,RE,26,Northwestern,,
Chargers,Andre,Coleman  ,57,RE,25,Albany,,
Chargers,Kynan,Forney  ,77,RG,30,Hawaii,,
Chargers,Scott,Mruczkowski  ,64,RG,27,Bowling Green St.,,
Chargers,Shawne,Merriman  ,89,ROLB,25,Maryland,82,93
Chargers,Jyles,Tucker  ,72,ROLB,25,Wake Forest,77,83
Chargers,Jeromey,Clary  ,76,RT,25,Kansas State,,
Chargers,Corey,Clark  ,59,RT,25,Texas A&M,,
Chargers,Clinton,Hart  ,71,SS,32,UCF,80,85
Chargers,Kevin,Ellison  ,66,SS,22,USC,75,82
Chargers,Antonio,Gates  ,95,TE,29,Kent State,85,87
Chargers,Kris,Wilson  ,73,TE,27,Pittsburgh,72,80
Chargers,Brandon,Manumaleuna,71,TE,29,Arizona,55,74
Chargers,Vincent,Jackson  ,84,WR,26,N. Colorado,85,86
Chargers,Chris,Chambers  ,78,WR,31,Wisconsin,88,94
Chargers,Malcom,Floyd  ,73,WR,27,Wyoming,81,85
Chargers,Buster,Davis  ,68,WR,23,LSU,86,85
Chargers,Legedu,Naanee  ,64,WR,25,Boise State,79,84
Chargers,Kassim,Osgood  ,58,WR,29,S.D. State,78,82
Redskins,Casey,Rabach  ,77,C,31,Wisconsin,,
Redskins,Ethan,Albright  ,65,C,36,North Carolina,,
Redskins,Carlos,Rogers  ,87,CB,28,Auburn,89,93
Redskins,DeAngelo,Hall  ,79,CB,25,Virginia Tech,97,96
Redskins,Fred,Smoot  ,69,CB,30,Mississippi St.,88,90
Redskins,Kevin,Barnes  ,68,CB,23,Maryland,90,87
Redskins,Justin,Tyron  ,54,CB,25,Arizona St.,88,90
Redskins,Albert,Haynesworth  ,99,DT,28,Tennessee,,
Redskins,Cornelius,Griffin  ,84,DT,32,Alabama,,
Redskins,Kedric,Golston  ,69,DT,26,Georgia,,
Redskins,Anthony,Montgomery  ,66,DT,25,Minnesota,,
Redskins,Lorenzo,Alexander  ,57,DT,26,California,,
Redskins,Mike,Sellers  ,89,FB,34,Walla Walla,,
Redskins,Eddie,Williams  ,52,FB,22,Idaho,,
Redskins,LaRon,Landry  ,86,FS,24,LSU,91,96
Redskins,Kareem,Moore  ,65,FS,25,Nicholls St.,88,89
Redskins,Clinton,Portis  ,93,HB,27,Miami,91,95
Redskins,Ladell,Betts  ,72,HB,30,Iowa,79,83
Redskins,Rock,Cartwright  ,68,HB,29,Kansas State,82,88
Redskins,Shaun,Suisham  ,52,K,27,Bowling Green St.,,
Redskins,Phillip,Daniels  ,73,LE,36,Georgia,,
Redskins,Renaldo,Wynn  ,68,LE,34,Notre Dame,,
Redskins,Rob,Jackson  ,61,LE,23,Kansas State,,
Redskins,Derrick,Dockery  ,78,LG,29,Texas,,
Redskins,Chad,Rinehart  ,67,LG,24,Northern Iowa,,
Redskins,Brian,Orakpo  ,76,LOLB,23,Texas,83,89
Redskins,H.B.,Blades  ,58,LOLB,24,Pittsburgh,67,79
Redskins,Cody,Glenn  ,46,LOLB,22,Nebraska,80,84
Redskins,Chris,Samuels  ,93,LT,32,Alabama,,
Redskins,Stephon,Heyer  ,67,LT,25,Maryland,,
Redskins,London,Fletcher-Baker,89,MLB,34,John Carroll,76,85
Redskins,Alfred,Fincher  ,60,MLB,25,Connecticut,68,78
Redskins,Hunter,Smith  ,81,P,32,Notre Dame,,
Redskins,Jason,Campbell  ,77,QB,27,Auburn,70,69
Redskins,Todd,Collins  ,64,QB,37,Michigan,52,50
Redskins,Colt,Brennan  ,49,QB,26,Hawaii,62,62
Redskins,Andre,Carter  ,84,RE,30,California,,
Redskins,Chris,Wilson  ,58,RE,27,Northwood (MI),,
Redskins,Randy,Thomas  ,89,RG,33,Mississippi St.,,
Redskins,Will,Montgomery  ,68,RG,26,Virginia Tech,,
Redskins,Rocky,McIntosh  ,77,ROLB,26,Miami,82,88
Redskins,Robert,Thomas  ,60,ROLB,29,UCLA,76,85
Redskins,Jon,Jansen  ,83,RT,33,Michigan,,
Redskins,Chris,Horton  ,70,SS,23,UCLA,84,86
Redskins,Reed,Doughty  ,63,SS,26,N. Colorado,77,83
Redskins,Chris,Cooley  ,91,TE,27,Utah State,79,84
Redskins,Todd,Yoder  ,66,TE,31,Vanderbilt,60,66
Redskins,Fred,Davis  ,63,TE,23,USC,76,75
Redskins,Santana,Moss  ,86,WR,30,Miami,96,98
Redskins,Antwaan,Randle El  ,75,WR,29,Indiana,90,93
Redskins,Devin,Thomas  ,66,WR,22,Michigan St.,88,89
Redskins,Marques,Hagans  ,65,WR,26,Virginia,85,89
Redskins,Malcolm,Kelly  ,63,WR,22,Oklahoma,83,84
Redskins,James,Thrash  ,63,WR,34,Missouri So. State,83,84
Seahawks,Chris,Spencer  ,79,C,27,Ole Miss,,
Seahawks,Max,Unger  ,75,C,23,Oregon,,
Seahawks,Marcus,Trufant  ,88,CB,28,Wash. St.,88,96
Seahawks,Ken,Lucas  ,77,CB,30,Ole Miss,88,87
Seahawks,Josh,Wilson  ,77,CB,24,Maryland,95,93
Seahawks,Kelly,Jennings  ,71,CB,28,Miami,90,91
Seahawks,Kevin,Hobbs  ,40,CB,26,Auburn,77,80
Seahawks,Cory,Redding  ,81,DT,28,Texas,,
Seahawks,Colin,Cole  ,79,DT,29,Iowa,,
Seahawks,Brandon,Mebane  ,71,DT,24,California,,
Seahawks,Craig,Terrill  ,64,DT,29,Purdue,,
Seahawks,Red,Bryant  ,62,DT,25,Texas A&M,,
Seahawks,Justin,Griffith  ,77,FB,29,Mississippi St.,,
Seahawks,Owen,Schmitt  ,77,FB,24,West Virginia,,
Seahawks,Brian,Russell  ,76,FS,31,S.D. State,75,80
Seahawks,Courtney,Greene  ,64,FS,22,Rutgers,86,89
Seahawks,C.J.,Wallace  ,51,FS,24,Washington,75,82
Seahawks,Julius,Jones  ,75,HB,28,Notre Dame,84,86
Seahawks,Justin,Forsett  ,68,HB,23,California,88,90
Seahawks,T.J.,Duckett  ,66,HB,28,Michigan St.,74,80
Seahawks,Olindo,Mare  ,77,K,36,Syracuse,,
Seahawks,Patrick,Kerney  ,93,LE,32,Virginia,,
Seahawks,Baraka,Atkins  ,62,LE,24,Miami,,
Seahawks,Mike,Wahle  ,88,LG,32,Navy,,
Seahawks,Aaron,Curry  ,84,LOLB,23,Wake Forest,86,90
Seahawks,Lance,Laury  ,56,LOLB,27,South Carolina,64,67
Seahawks,Walter,Jones  ,94,LT,35,Florida State,,
Seahawks,Kyle,Williams  ,64,LT,25,USC,,
Seahawks,Lofa,Tatupu  ,90,MLB,26,USC,79,94
Seahawks,David,Hawthorne  ,60,MLB,24,TCU,78,80
Seahawks,Jon,Ryan  ,70,P,27,Regina,,
Seahawks,Matt,Hasselbeck  ,84,QB,33,Boston College,68,62
Seahawks,Seneca,Wallace  ,69,QB,29,Iowa State,84,85
Seahawks,Jeff,Rowe  ,48,QB,24,Nevada,65,68
Seahawks,Darryl,Tapp  ,78,RE,24,Virginia Tech,,
Seahawks,Lawrence,Jackson  ,73,RE,24,USC,,
Seahawks,Rob,Sims  ,73,RG,25,Ohio State,,
Seahawks,Mansfield,Wrotto  ,69,RG,24,Georgia Tech,,
Seahawks,Leroy,Hill  ,83,ROLB,26,Clemson,77,87
Seahawks,D.D.,Lewis  ,66,ROLB,30,Texas,77,75
Seahawks,Will,Herring  ,55,ROLB,26,Auburn,75,84
Seahawks,Sean,Locklear  ,75,RT,28,N.C. State,,
Seahawks,Ray,Willis  ,65,RT,27,Florida State,,
Seahawks,Deon,Grant  ,83,SS,30,Tennessee,84,88
Seahawks,Jordan,Babineaux  ,68,SS,27,Southern Arkansas,85,88
Seahawks,John,Carlson  ,87,TE,25,Notre Dame,74,79
Seahawks,John,Owens  ,67,TE,29,Notre Dame,73,75
Seahawks,Cameron,Morrah  ,56,TE,22,California,83,85
Seahawks,T.J.,Houshmandzadeh,91,WR,31,Oregon State,82,88
Seahawks,Deion,Branch  ,79,WR,30,Louisville,87,91
Seahawks,Nate,Burleson  ,74,WR,28,Nevada,91,94
Seahawks,Deon,Butler  ,65,WR,23,Penn State,93,92
Seahawks,Ben,Obomanu  ,58,WR,25,Auburn,82,85
Seahawks,Courtney,Taylor  ,51,WR,25,Auburn,82,84
Rams,Jason,Brown  ,90,C,26,North Carolina,,
Rams,Ronald,Bartell  ,81,CB,27,Howard,87,88
Rams,Tye,Hill  ,71,CB,27,Clemson,97,95
Rams,Bradley,Fletcher  ,63,CB,23,Iowa,86,92
Rams,Justin,King  ,53,CB,21,Penn State,93,94
Rams,Jonathan,Wade  ,53,CB,25,Tennessee,91,92
Rams,Adam,Carriker  ,82,DT,25,Nebraska,,
Rams,Cliff,Ryan  ,66,DT,25,Michigan St.,,
Rams,Orien,Harris  ,65,DT,26,Miami,,
Rams,Dorrell,Scott  ,53,DT,23,Clemson,,
Rams,Mike,Karney  ,80,FB,28,Arizona St.,,
Rams,O.J.,Atogwe  ,90,FS,28,Stanford,89,92
Rams,Eric,Bassey  ,55,FS,25,Oklahoma,87,88
Rams,Steven,Jackson  ,92,HB,26,Oregon State,86,92
Rams,Antonio,Pittman  ,70,HB,23,Ohio State,86,88
Rams,Kenneth,Darby  ,66,HB,26,Alabama,86,90
Rams,Chris,Ogbonnaya  ,65,HB,23,Texas,82,84
Rams,Josh,Brown  ,92,K,30,Nebraska,,
Rams,Leonard,Little  ,79,LE,34,Tennessee,,
Rams,Victor,Adeyanju  ,70,LE,26,Indiana,,
Rams,Jacob,Bell  ,86,LG,28,Miami Univ.,,
Rams,John,Greco  ,76,LG,24,Toledo,,
Rams,Roy,Schuening  ,66,LG,25,Oregon State,,
Rams,Will,Witherspoon,86,LOLB,29,Georgia,85,90
Rams,Quinton,Culberson  ,64,LOLB,23,Mississippi St.,76,82
Rams,Jason,Smith  ,84,LT,23,Baylor,,
Rams,James,Laurinaitis  ,77,MLB,22,Ohio State,75,86
Rams,David,Vobora  ,59,MLB,23,Idaho,77,75
Rams,Donnie,Jones  ,87,P,29,LSU,,
Rams,Marc,Bulger  ,78,QB,32,West Virginia,55,54
Rams,Kyle,Boller  ,51,QB,28,California,66,68
Rams,Brock,Berlin  ,50,QB,28,Miami,56,58
Rams,Chris,Long  ,82,RE,24,Virginia,,
Rams,James,Hall  ,76,RE,32,Michigan,,
Rams,Eric,Moore  ,59,RE,28,Florida State,,
Rams,Richie,Incognito  ,73,RG,26,Nebraska,,
Rams,Mark,Setterstrom  ,73,RG,25,Minnesota,,
Rams,Chris,Chamberlain  ,66,ROLB,23,Tulsa,81,85
Rams,Chris,Draft  ,65,ROLB,33,Stanford,74,79
Rams,Alex,Barron  ,77,RT,26,Florida State,,
Rams,Adam,Goldberg  ,65,RT,29,Wyoming,,
Rams,James,Butler  ,80,SS,26,Georgia Tech,80,85
Rams,Todd,Johnson  ,64,SS,30,Florida,76,80
Rams,Randy,McMichael  ,75,TE,30,Georgia,74,78
Rams,Joe,Klopfenstein  ,72,TE,25,Colorado,74,79
Rams,Billy,Bajema  ,68,TE,26,Oklahoma St.,61,67
Rams,Daniel,Fells  ,62,TE,26,California-Davis,76,79
Rams,Donnie,Avery  ,75,WR,25,Houston,94,96
Rams,Laurent,Robinson  ,72,WR,24,Illinois St.,88,93
Rams,Brooks,Foster  ,65,WR,23,North Carolina,86,84
Rams,Keenan,Burton  ,62,WR,24,Kentucky,84,86
Rams,Tim,Carter  ,60,WR,29,Auburn,87,88
Rams,Derek,Stanley  ,55,WR,24,Wisc-Whitewater,85,85
Bucs,Jeff,Faine  ,85,C,28,Notre Dame,,
Bucs,Sean,Mahan  ,76,C,29,Notre Dame,,
Bucs,Ronde,Barber  ,88,CB,34,Virginia,79,92
Bucs,Aqib,Talib  ,82,CB,23,Kansas,87,93
Bucs,Torrie,Cox  ,66,CB,28,Pittsburgh,85,90
Bucs,E.J.,Biggers  ,61,CB,22,W. Michigan,94,92
Bucs,Elbert,Mack  ,60,CB,23,Troy,87,88
Bucs,Kyle,Arrington  ,55,CB,23,Hofstra,85,86
Bucs,Chris,Hovan  ,77,DT,31,Boston College,,
Bucs,Ryan,Sims  ,72,DT,29,North Carolina,,
Bucs,Roy,Miller  ,63,DT,22,Texas,,
Bucs,Greg,Peterson  ,61,DT,25,NC Central,,
Bucs,B.J.,Askew  ,80,FB,29,Michigan,,
Bucs,Tanard,Jackson  ,81,FS,24,Syracuse,85,89
Bucs,Will,Allen  ,70,FS,27,Ohio State,79,86
Bucs,Derrick,Ward  ,84,HB,29,Ottawa,88,91
Bucs,Earnest,Graham  ,79,HB,29,Florida,82,86
Bucs,Carnell,Williams  ,72,HB,27,Auburn,86,90
Bucs,Clifton,Smith  ,67,HB,24,Fresno State,88,90
Bucs,Matt,Bryant  ,78,K,34,Baylor,,
Bucs,Mike,Nugent  ,68,K,27,Ohio State,,
Bucs,Stylez,White  ,73,LE,30,Minnesota,,
Bucs,Kyle,Moore  ,62,LE,22,USC,,
Bucs,Arron,Sears  ,83,LG,24,Tennessee,,
Bucs,Jermaine,Phillips  ,73,LOLB,30,Georgia,77,83
Bucs,Quincy,Black  ,61,LOLB,25,New Mexico,86,88
Bucs,Donald,Penn  ,78,LT,26,Utah State,,
Bucs,Anthony,Alabi  ,67,LT,28,TCU,,
Bucs,Barrett,Ruud  ,87,MLB,26,Nebraska,76,86
Bucs,Niko,Koutouvides,63,MLB,28,Purdue,70,85
Bucs,Josh,Bidwell  ,83,P,33,Oregon,,
Bucs,Byron,Leftwich  ,74,QB,29,Marshall,54,52
Bucs,Josh,Freeman  ,73,QB,21,Kansas State,74,80
Bucs,Luke,McCown  ,70,QB,28,LA. Tech,75,77
Bucs,Gaines,Adams  ,78,RE,26,Clemson,,
Bucs,Jimmy,Wilkerson  ,64,RE,28,Oklahoma,,
Bucs,Davin,Joseph  ,93,RG,25,Oklahoma,,
Bucs,Jeremy,Zuttah  ,77,RG,23,Rutgers,,
Bucs,Angelo,Crowell  ,79,ROLB,28,Virginia,76,84
Bucs,Geno,Hayes  ,65,ROLB,22,Florida State,79,86
Bucs,Adam,Hayward  ,49,ROLB,25,Portland St.,83,88
Bucs,Jeremy,Trueblood  ,78,RT,26,Boston College,,
Bucs,Xavier,Fulton  ,62,RT,23,Illinois,,
Bucs,James,Lee  ,61,RT,24,S.C. State,,
Bucs,Sabby,Piscitelli  ,67,SS,26,Oregon State,87,85
Bucs,Donte,Nicholson  ,62,SS,24,Oklahoma,85,86
Bucs,Kellen,Winslow  ,90,TE,26,Miami,83,85
Bucs,Jerramy,Stevens  ,77,TE,29,Washington,77,82
Bucs,John,Gilmore  ,70,TE,29,Penn State,63,74
Bucs,Antonio,Bryant  ,86,WR,28,Pittsburgh,86,91
Bucs,Michael,Clayton  ,70,WR,26,LSU,81,82
Bucs,Maurice,Stovall  ,62,WR,24,Notre Dame,75,77
Bucs,Sammie,Stroughter  ,61,WR,23,Oregon State,84,88
Bucs,Dexter,Jackson  ,46,WR,23,Appalach. St.,90,92
Titans,Kevin,Mawae  ,95,C,38,LSU,,
Titans,Leroy,Harris  ,71,C,25,N.C. State,,
Titans,Cortland,Finnegan  ,92,CB,25,Samford,92,94
Titans,Nick,Harper  ,78,CB,34,Fort Valley State,80,85
Titans,DeMarcus,Faggins  ,65,CB,30,Kansas State,85,87
Titans,Ryan,Mouton  ,64,CB,22,Hawaii,85,86
Titans,Tanard,Davis  ,55,CB,26,Miami,87,88
Titans,Jovan,Haye  ,80,DT,27,Vanderbilt,,
Titans,Tony,Brown  ,79,DT,28,Memphis,,
Titans,Jason,Jones  ,75,DT,23,Eastern Michigan,,
Titans,Sen'Derrick,Marks  ,71,DT,22,Auburn,,
Titans,Ahmard,Hall  ,86,FB,29,Texas,76,77
Titans,Michael,Griffin  ,95,FS,24,Texas,87,94
Titans,Vincent,Fuller  ,69,FS,27,Virginia Tech,78,89
Titans,Chris,Johnson  ,88,HB,23,East Carolina,99,98
Titans,LenDale,White  ,79,HB,24,USC,78,87
Titans,Javon,Ringer  ,67,HB,22,Michigan St.,85,84
Titans,Chris,Henry  ,63,HB,24,Arizona,85,86
Titans,Rob,Bironas  ,96,K,31,Ga. Southern,,
Titans,Jacob,Ford  ,79,LE,26,Central Arkansas,,
Titans,Jevon,Kearse  ,75,LE,32,Florida,80,87
Titans,Eugene,Amano  ,74,LG,27,SE Missouri St.,,
Titans,Jason,Murphy  ,62,LG,27,Virginia Tech,,
Titans,David,Thornton  ,81,LOLB,30,North Carolina,73,83
Titans,Josh,Stamer  ,54,LOLB,31,South Dakota,68,75
Titans,Michael,Roos  ,97,LT,27,Eastern Wash.,,
Titans,Troy,Kropog  ,70,LT,23,Tulane,,
Titans,Stephen,Tulloch  ,73,MLB,24,N.C. State,75,80
Titans,Ryan,Fowler  ,64,MLB,27,Duke,65,84
Titans,Craig,Hentrich  ,81,P,38,Notre Dame,,
Titans,Kerry,Collins  ,79,QB,36,Penn State,54,52
Titans,Vince,Young  ,68,QB,26,Texas,85,93
Titans,Patrick,Ramsey  ,56,QB,30,Tulane,54,54
Titans,Kyle,Vanden Bosch,87,RE,30,Nebraska,,
Titans,Dave,Ball  ,66,RE,27,UCLA,,
Titans,Jake,Scott  ,88,RG,28,Idaho,,
Titans,Fernando,Velasco  ,57,RG,24,Georgia,,
Titans,Keith,Bulluck  ,95,ROLB,32,Syracuse,84,88
Titans,Gerald,McRath  ,64,ROLB,23,Southern Miss,81,78
Titans,Colin,Allred  ,60,ROLB,26,Baylor,76,75
Titans,David,Stewart  ,92,RT,27,Mississippi St.,,
Titans,Michael,Otto  ,68,RT,26,Purdue,,
Titans,Chris,Hope  ,92,SS,28,Florida State,78,85
Titans,Donnie,Nickey  ,55,SS,29,Ohio State,74,78
Titans,Bo,Scaife  ,83,TE,28,Texas,78,85
Titans,Alge,Crumpler  ,77,TE,31,North Carolina,68,72
Titans,Jared,Cook  ,75,TE,22,South Carolina,85,88
Titans,Craig,Stevens  ,70,TE,24,California,71,76
Titans,Justin,Gage  ,77,WR,28,Missouri,80,82
Titans,Nate,Washington  ,77,WR,26,Tiffin,88,92
Titans,Kenny,Britt  ,76,WR,20,Rutgers,87,86
Titans,Chris,Davis  ,57,WR,25,Florida State,86,92
Titans,Lavelle,Hawkins  ,55,WR,23,California,84,86
Titans,Paul,Williams  ,47,WR,25,Fresno State,82,83