Patriots,,,,,,,,,,,,,,,,,,,,,,,,
,,,,,,,,,,Score,Score,Offense,Offense,Offense,Offense,Offense,Defense,Defense,Defense,Defense,Defense,Expected Points,Expected Points,Expected Points
Week,Day,Date,,,,OT,Rec,,Opp,Tm,Opp,1stD,TotYd,PassY,RushY,TO,1stD,TotYd,PassY,RushY,TO,Offense,Defense,Sp. Tms
1,Thu,7-Sep,8:30PM ET,boxscore,L,,,,Kansas City Chiefs,27,42,25,371,247,124,,26,537,352,185,1,5.92,-23.18,0.73
2,Sun,17-Sep,1:00PM ET,boxscore,W,,,,New Orleans Saints,36,20,29,555,436,119,,20,429,348,81,,27.58,-12.16,-2.32
3,Sun,24-Sep,1:00PM ET,boxscore,W,,,,Houston Texans,36,33,21,396,337,59,1,23,417,292,125,2,11.52,-7.08,-1.48
4,Sun,1-Oct,1:00PM ET,boxscore,L,,,,Carolina Panthers,30,33,24,373,293,80,,28,444,304,140,2,18.56,-24.18,2.62
5,Thu,5-Oct,8:25PM ET,boxscore,W,,,,Tampa Bay Buccaneers,19,14,23,402,289,113,2,26,409,319,90,,-0.71,-10.33,14.94
6,Sun,15-Oct,1:00PM ET,boxscore,W,,,,New York Jets,24,17,23,375,257,118,2,23,408,334,74,3,10.44,0.33,-2.19
7,Sun,22-Oct,8:30PM ET,boxscore,W,,,,Atlanta Falcons,23,7,25,403,241,162,,21,343,223,120,,15.29,-6.18,6.42
8,Sun,29-Oct,1:00PM ET,boxscore,W,,,,Los Angeles Chargers,21,13,27,414,317,97,,16,349,192,157,1,9.64,-8.46,5.7
9,,,,,,,,,Bye Week,,,,,,,,,,,,,,,
10,Sun,12-Nov,8:30PM ET,boxscore,W,,,,Denver Broncos,41,16,28,396,297,99,,17,339,221,118,2,14.71,-3.58,13.56
11,Sun,19-Nov,4:25PM ET,boxscore,W,,,,Oakland Raiders,33,8,25,421,332,89,,21,344,235,109,2,23.44,-1.26,2.48
12,Sun,26-Nov,1:00PM ET,boxscore,W,,,,Miami Dolphins,35,17,25,417,221,196,2,15,221,154,67,3,9.46,11.65,-4.69
13,Sun,3-Dec,1:00PM ET,boxscore,W,,,,Buffalo Bills,23,3,23,435,244,191,1,16,268,85,183,1,10.85,14.27,-2.35
14,Mon,11-Dec,8:30PM ET,boxscore,L,,,,Miami Dolphins,20,27,14,248,223,25,2,21,362,242,120,,-3.59,-7.02,2.39
15,Sun,17-Dec,4:25PM ET,boxscore,W,,,,Pittsburgh Steelers,27,24,21,360,283,77,1,21,413,270,143,1,15.3,-12.04,-0.66
16,Sun,24-Dec,1:00PM ET,boxscore,W,,,,Buffalo Bills,37,16,28,411,218,193,1,17,326,242,84,,21.06,2.94,-0.79
17,Sun,31-Dec,1:00PM ET,boxscore,W,,,,New York Jets,26,6,28,330,183,147,,14,247,207,40,,9.07,8.84,1.73
Bills,,,,,,,,,,,,,,,,,,,,,,,,
,,,,,,,,,,Score,Score,Offense,Offense,Offense,Offense,Offense,Defense,Defense,Defense,Defense,Defense,Expected Points,Expected Points,Expected Points
Week,Day,Date,,,,OT,Rec,,Opp,Tm,Opp,1stD,TotYd,PassY,RushY,TO,1stD,TotYd,PassY,RushY,TO,Offense,Defense,Sp. Tms
1,Sun,September 10,1:00PM ET,boxscore,W,,1-0,,New York Jets,21,12,23,408,218,190,1,11,214,176,38,2,6.63,12.40,-10.09
2,Sun,September 17,1:00PM ET,boxscore,L,,1-1,@,Carolina Panthers,3,9,10,176,107,69,,19,255,178,77,,-16.06,5.88,3.19
3,Sun,September 24,1:00PM ET,boxscore,W,,2-1,,Denver Broncos,26,16,16,272,197,75,,21,366,255,111,2,-0.95,5.95,5.49
4,Sun,October 1,1:00PM ET,boxscore,W,,3-1,@,Atlanta Falcons,23,17,15,281,164,117,,25,389,242,147,3,0.19,0.24,3.82
5,Sun,October 8,1:00PM ET,boxscore,L,,3-2,@,Cincinnati Bengals,16,20,17,221,139,82,1,18,388,323,65,3,-8.53,0.39,3.60
6,,,,,,,,,Bye Week,,,,,,,,,,,,,,,
7,Sun,October 22,1:00PM ET,boxscore,W,,4-2,,Tampa Bay Buccaneers,30,27,23,434,261,173,1,27,447,378,69,3,15.51,-10.64,1.04
8,Sun,October 29,1:00PM ET,boxscore,W,,5-2,,Oakland Raiders,34,14,17,331,165,166,,23,367,313,54,4,4.35,4.30,7.44
9,Thu,November 2,8:25PM ET,boxscore,L,,5-3,@,New York Jets,21,34,21,307,244,63,3,21,331,137,194,,-6.85,-10.47,2.75
10,Sun,November 12,1:00PM ET,boxscore,L,,5-4,,New Orleans Saints,10,47,10,198,129,69,1,32,482,184,298,1,-13.18,-27.89,3.74
11,Sun,November 19,4:05PM ET,boxscore,L,,5-5,@,Los Angeles Chargers,24,54,18,393,220,173,6,28,429,283,146,,-14.25,-18.37,2.88
12,Sun,November 26,1:00PM ET,boxscore,W,,6-5,@,Kansas City Chiefs,16,10,17,268,164,104,,14,236,181,55,1,-5.84,15.27,-0.26
13,Sun,December 3,1:00PM ET,boxscore,L,,6-6,,New England Patriots,3,23,16,268,85,183,1,23,435,244,191,1,-14.27,-10.85,2.35
14,Sun,December 10,1:00PM ET,boxscore,W,OT,7-6,,Indianapolis Colts,13,7,14,319,92,227,2,16,227,64,163,,-10.32,9.14,8.25
15,Sun,December 17,1:00PM ET,boxscore,W,,8-6,,Miami Dolphins,24,16,21,328,212,116,,21,349,249,100,3,7.23,7.99,-5.67
16,Sun,December 24,1:00PM ET,boxscore,L,,8-7,@,New England Patriots,16,37,17,326,242,84,,28,411,218,193,1,-2.94,-21.06,0.79
17,Sun,December 31,4:25PM ET,boxscore,W,,9-7,@,Miami Dolphins,22,16,23,312,186,126,,21,356,263,93,1,10.73,1.12,-5.71
Dolphins,,,,,,,,,,,,,,,,,,,,,,,,
,,,,,,,,,,Score,Score,Offense,Offense,Offense,Offense,Offense,Defense,Defense,Defense,Defense,Defense,Expected Points,Expected Points,Expected Points
Week,Day,Date,,,,OT,Rec,,Opp,Tm,Opp,1stD,TotYd,PassY,RushY,TO,1stD,TotYd,PassY,RushY,TO,Offense,Defense,Sp. Tms
2,Sun,September 17,4:05PM ET,boxscore,W,,1-0,@,Los Angeles Chargers,19,17,21,336,225,111,,24,367,323,44,,4.44,-11.99,7.94
3,Sun,September 24,1:00PM ET,boxscore,L,,1-1,@,New York Jets,6,20,16,225,195,30,2,16,336,233,103,1,-14.62,1.00,0.08
4,Sun,October 1,9:30AM ET,boxscore,L,,1-2,,New Orleans Saints,0,20,11,186,128,58,1,22,347,261,86,,-16.04,-6.94,4.01
5,Sun,October 8,1:00PM ET,boxscore,W,,2-2,,Tennessee Titans,16,10,12,178,78,100,2,14,188,119,69,2,-20.39,25.61,-0.74
6,Sun,October 15,1:00PM ET,boxscore,W,,3-2,@,Atlanta Falcons,20,17,20,289,151,138,1,19,339,239,100,1,7.57,-7.31,4.02
7,Sun,October 22,1:00PM ET,boxscore,W,,4-2,,New York Jets,31,28,25,357,304,53,2,16,272,180,92,2,2.66,0.88,1.62
8,Thu,October 26,8:25PM ET,boxscore,L,,4-3,@,Baltimore Ravens,0,40,13,196,151,45,2,19,295,121,174,,-36.09,-3.85,-0.11
9,Sun,November 5,8:30PM ET,boxscore,L,,4-4,,Oakland Raiders,24,27,23,395,309,86,1,20,379,295,84,2,8.10,-11.14,0.30
10,Mon,November 13,8:30PM ET,boxscore,L,,4-5,@,Carolina Panthers,21,45,17,313,213,100,1,30,548,254,294,,6.13,-37.09,4.23
11,Sun,November 19,1:00PM ET,boxscore,L,,4-6,,Tampa Bay Buccaneers,20,30,18,448,365,83,5,19,321,268,53,,-5.30,-7.23,2.37
12,Sun,November 26,1:00PM ET,boxscore,L,,4-7,@,New England Patriots,17,35,15,221,154,67,3,25,417,221,196,2,-11.65,-9.46,4.69
13,Sun,December 3,1:00PM ET,boxscore,W,,5-7,,Denver Broncos,35,9,15,367,222,145,3,14,270,167,103,3,-12.73,28.53,9.92
14,Mon,December 11,8:30PM ET,boxscore,W,,6-7,,New England Patriots,27,20,21,362,242,120,,14,248,223,25,2,7.02,3.59,-2.39
15,Sun,December 17,1:00PM ET,boxscore,L,,6-8,@,Buffalo Bills,16,24,21,349,249,100,3,21,328,212,116,,-7.99,-7.23,5.67
16,Sun,December 24,1:00PM ET,boxscore,L,,6-9,@,Kansas City Chiefs,13,29,15,345,286,59,2,23,404,301,103,,-8.02,-8.58,-0.43
17,Sun,December 31,4:25PM ET,boxscore,L,,6-10,,Buffalo Bills,16,22,21,356,263,93,1,23,312,186,126,,-1.12,-10.73,5.71
Jets,,,,,,,,,,,,,,,,,,,,,,,,
,,,,,,,,,,Score,Score,Offense,Offense,Offense,Offense,Offense,Defense,Defense,Defense,Defense,Defense,Expected Points,Expected Points,Expected Points
Week,Day,Date,,,,OT,Rec,,Opp,Tm,Opp,1stD,TotYd,PassY,RushY,TO,1stD,TotYd,PassY,RushY,TO,Offense,Defense,Sp. Tms
1,Sun,September 10,1:00PM ET,boxscore,L,,0-1,@,Buffalo Bills,12,21,11,214,176,38,2,23,408,218,190,1,-12.40,-6.63,10.09
2,Sun,September 17,4:05PM ET,boxscore,L,,0-2,@,Oakland Raiders,20,45,17,271,145,126,2,21,410,230,180,,6.23,-27.55,-2.56
3,Sun,September 24,1:00PM ET,boxscore,W,,1-2,,Miami Dolphins,20,6,16,336,233,103,1,16,225,195,30,2,-1.00,14.62,-0.08
4,Sun,October 1,1:00PM ET,boxscore,W,OT,2-2,,Jacksonville Jaguars,23,20,18,471,215,256,2,20,311,136,175,1,-6.10,9.03,-0.61
5,Sun,October 8,1:00PM ET,boxscore,W,,3-2,@,Cleveland Browns,17,14,14,212,178,34,1,22,419,279,140,3,-4.16,-0.76,7.92
6,Sun,October 15,1:00PM ET,boxscore,L,,3-3,,New England Patriots,17,24,23,408,334,74,3,23,375,257,118,2,-0.33,-10.44,2.19
7,Sun,October 22,1:00PM ET,boxscore,L,,3-4,@,Miami Dolphins,28,31,16,272,180,92,2,25,357,304,53,2,-0.88,-2.66,-1.62
8,Sun,October 29,1:00PM ET,boxscore,L,,3-5,,Atlanta Falcons,20,25,15,279,236,43,1,18,386,246,140,2,0.84,0.97,-6.89
9,Thu,November 2,8:25PM ET,boxscore,W,,4-5,,Buffalo Bills,34,21,21,331,137,194,,21,307,244,63,3,10.47,6.85,-2.75
10,Sun,November 12,1:00PM ET,boxscore,L,,4-6,@,Tampa Bay Buccaneers,10,15,15,275,219,56,2,17,271,181,90,1,-11.91,5.19,0.07
11,,,,,,,,,Bye Week,,,,,,,,,,,,,,,
12,Sun,November 26,1:00PM ET,boxscore,L,,4-7,,Carolina Panthers,27,35,21,391,282,109,1,17,299,154,145,,2.82,-0.41,-7.00
13,Sun,December 3,1:00PM ET,boxscore,W,,5-7,,Kansas City Chiefs,38,31,30,488,331,157,,17,474,362,112,,22.03,-23.64,3.93
14,Sun,December 10,4:05PM ET,boxscore,L,,5-8,@,Denver Broncos,0,23,6,100,41,59,2,17,273,189,84,,-25.71,-0.54,2.13
15,Sun,December 17,1:00PM ET,boxscore,L,,5-9,@,New Orleans Saints,19,31,19,294,170,124,2,23,412,281,131,3,-2.56,-6.75,-3.82
16,Sun,December 24,1:00PM ET,boxscore,L,,5-10,,Los Angeles Chargers,7,14,13,295,98,197,3,21,379,290,89,,-12.19,-4.02,7.61
17,Sun,December 31,1:00PM ET,boxscore,L,,5-11,@,New England Patriots,6,26,14,247,207,40,,28,330,183,147,,-8.84,-9.07,-1.73
Eagles,,,,,,,,,,,,,,,,,,,,,,,,
,,,,,,,,,,Score,Score,Offense,Offense,Offense,Offense,Offense,Defense,Defense,Defense,Defense,Defense,Expected Points,Expected Points,Expected Points
Week,Day,Date,,,,OT,Rec,,Opp,Tm,Opp,1stD,TotYd,PassY,RushY,TO,1stD,TotYd,PassY,RushY,TO,Offense,Defense,Sp. Tms
1,Sun,September 10,1:00PM ET,boxscore,W,,1-0,@,Washington Redskins,30,17,19,356,298,58,2,16,264,200,64,4,-2.95,12.95,4.05
2,Sun,September 17,1:00PM ET,boxscore,L,,1-1,@,Kansas City Chiefs,20,27,27,406,299,107,2,16,344,232,112,,10.61,-11.61,-3.60
3,Sun,September 24,1:00PM ET,boxscore,W,,2-1,,New York Giants,27,24,24,354,161,193,1,21,415,366,49,2,8.14,-5.70,-0.22
4,Sun,October 1,4:05PM ET,boxscore,W,,3-1,@,Los Angeles Chargers,26,24,26,454,240,214,,18,400,342,58,1,18.04,-9.92,3.88
5,Sun,October 8,1:00PM ET,boxscore,W,,4-1,,Arizona Cardinals,34,7,19,419,297,122,1,16,307,276,31,1,16.42,3.67,5.58
6,Thu,October 12,8:25PM ET,boxscore,W,,5-1,@,Carolina Panthers,28,23,15,310,209,101,1,23,305,225,80,3,-0.91,6.23,1.91
7,Mon,October 23,8:30PM ET,boxscore,W,,6-1,,Washington Redskins,34,24,23,371,244,127,1,19,344,269,75,1,15.57,-3.70,0.77
8,Sun,October 29,1:00PM ET,boxscore,W,,7-1,,San Francisco 49ers,33,10,19,304,192,112,1,14,238,144,94,2,3.12,18.94,1.57
9,Sun,November 5,1:00PM ET,boxscore,W,,8-1,,Denver Broncos,51,23,25,419,222,197,1,14,226,191,35,2,16.40,17.51,-8.30
10,,,,,,,,,Bye Week,,,,,,,,,,,,,,,
11,Sun,November 19,8:30PM ET,boxscore,W,,9-1,@,Dallas Cowboys,37,9,17,383,168,215,,14,225,113,112,4,15.09,23.68,-12.66
12,Sun,November 26,1:00PM ET,boxscore,W,,10-1,,Chicago Bears,31,3,24,420,244,176,3,8,140,134,6,2,8.35,21.79,-0.54
13,Sun,December 3,8:30PM ET,boxscore,L,,10-2,@,Seattle Seahawks,10,24,25,425,327,98,2,20,310,209,101,,3.98,-12.23,-1.93
14,Sun,December 10,4:25PM ET,boxscore,W,,11-2,@,Los Angeles Rams,43,35,29,455,316,139,1,17,307,198,109,2,15.32,-2.69,-5.62
15,Sun,December 17,1:00PM ET,boxscore,W,,12-2,@,New York Giants,34,29,22,341,233,108,,27,504,429,75,1,11.85,-16.01,7.88
16,Mon,December 25,8:30PM ET,boxscore,W,,13-2,,Oakland Raiders,19,10,12,216,138,78,2,13,274,137,137,5,-19.77,28.59,1.32
17,Sun,December 31,1:00PM ET,boxscore,L,,13-3,,Dallas Cowboys,0,6,12,219,149,70,2,16,301,172,129,1,-16.51,6.53,5.76
Cowboys,,,,,,,,,,,,,,,,,,,,,,,,
,,,,,,,,,,Score,Score,Offense,Offense,Offense,Offense,Offense,Defense,Defense,Defense,Defense,Defense,Expected Points,Expected Points,Expected Points
Week,Day,Date,,,,OT,Rec,,Opp,Tm,Opp,1stD,TotYd,PassY,RushY,TO,1stD,TotYd,PassY,RushY,TO,Offense,Defense,Sp. Tms
1,Sun,September 10,8:30PM ET,boxscore,W,,1-0,,New York Giants,19,3,22,392,263,129,,13,233,198,35,1,10.62,5.48,-2.73
2,Sun,September 17,4:25PM ET,boxscore,L,,1-1,@,Denver Broncos,17,42,16,268,228,40,2,26,380,202,178,2,-21.83,-9.11,6.44
3,Mon,September 25,8:30PM ET,boxscore,W,,2-1,@,Arizona Cardinals,28,17,15,273,174,99,,22,332,283,49,,8.02,-3.02,5.45
4,Sun,October 1,1:00PM ET,boxscore,L,,2-2,,Los Angeles Rams,30,35,22,440,251,189,2,24,412,244,168,,14.94,-13.53,-9.26
5,Sun,October 8,4:25PM ET,boxscore,L,,2-3,,Green Bay Packers,31,35,26,408,245,163,3,25,342,182,160,1,19.13,-23.19,2.23
6,,,,,,,,,Bye Week,,,,,,,,,,,,,,,
7,Sun,October 22,4:05PM ET,boxscore,W,,3-3,@,San Francisco 49ers,40,10,27,501,236,265,,23,290,187,103,3,28.60,7.80,-0.96
8,Sun,October 29,4:25PM ET,boxscore,W,,4-3,@,Washington Redskins,33,19,18,307,138,169,1,16,285,236,49,3,-2.02,2.45,12.19
9,Sun,November 5,4:25PM ET,boxscore,W,,5-3,,Kansas City Chiefs,28,17,24,375,244,131,,17,323,255,68,1,19.63,-4.76,-5.67
10,Sun,November 12,4:25PM ET,boxscore,L,,5-4,@,Atlanta Falcons,7,27,18,233,126,107,2,22,336,204,132,1,-9.40,-7.61,-2.02
11,Sun,November 19,8:30PM ET,boxscore,L,,5-5,,Philadelphia Eagles,9,37,14,225,113,112,4,17,383,168,215,,-23.68,-15.09,12.66
12,Thu,November 23,4:30PM ET,boxscore,L,,5-6,,Los Angeles Chargers,6,28,14,247,168,79,2,25,515,434,81,,-9.49,-26.42,11.70
13,Thu,November 30,8:25PM ET,boxscore,W,,6-6,,Washington Redskins,38,14,21,275,93,182,,15,280,224,56,4,7.94,4.45,8.49
14,Sun,December 10,1:00PM ET,boxscore,W,,7-6,@,New York Giants,30,10,19,454,332,122,,21,330,228,102,2,18.33,4.71,-5.19
15,Sun,December 17,8:30PM ET,boxscore,W,,8-6,@,Oakland Raiders,20,17,21,330,204,126,2,19,293,171,122,1,6.11,-5.20,2.88
16,Sun,December 24,4:25PM ET,boxscore,L,,8-7,,Seattle Seahawks,12,21,21,282,154,128,3,15,136,60,76,,-7.97,5.32,-6.11
17,Sun,December 31,1:00PM ET,boxscore,W,,9-7,@,Philadelphia Eagles,6,0,16,301,172,129,1,12,219,149,70,2,-6.53,16.51,-5.76
Redskins,,,,,,,,,,,,,,,,,,,,,,,,
,,,,,,,,,,Score,Score,Offense,Offense,Offense,Offense,Offense,Defense,Defense,Defense,Defense,Defense,Expected Points,Expected Points,Expected Points
Week,Day,Date,,,,OT,Rec,,Opp,Tm,Opp,1stD,TotYd,PassY,RushY,TO,1stD,TotYd,PassY,RushY,TO,Offense,Defense,Sp. Tms
1,Sun,September 10,1:00PM ET,boxscore,L,,0-1,,Philadelphia Eagles,17,30,16,264,200,64,4,19,356,298,58,2,-12.95,2.95,-4.05
2,Sun,September 17,4:25PM ET,boxscore,W,,1-1,@,Los Angeles Rams,27,20,21,385,156,229,,14,332,235,97,2,12.39,0.97,-2.95
3,Sun,September 24,8:30PM ET,boxscore,W,,2-1,,Oakland Raiders,27,10,18,472,356,116,2,7,128,96,32,3,9.43,20.15,-13.27
4,Mon,October 2,8:30PM ET,boxscore,L,,2-2,@,Kansas City Chiefs,20,29,15,331,220,111,1,29,429,261,168,,4.10,-19.47,7.03
5,,,,,,,,,Bye Week,,,,,,,,,,,,,,,
6,Sun,October 15,1:00PM ET,boxscore,W,,3-2,,San Francisco 49ers,26,24,25,419,325,94,2,21,335,250,85,1,7.41,-3.10,-1.72
7,Mon,October 23,8:30PM ET,boxscore,L,,3-3,@,Philadelphia Eagles,24,34,19,344,269,75,1,23,371,244,127,1,3.70,-15.57,-0.77
8,Sun,October 29,4:25PM ET,boxscore,L,,3-4,,Dallas Cowboys,19,33,16,285,236,49,3,18,307,138,169,1,-2.45,2.02,-12.19
9,Sun,November 5,4:05PM ET,boxscore,W,,4-4,@,Seattle Seahawks,17,14,16,244,193,51,1,22,437,289,148,2,-29.18,16.51,9.38
10,Sun,November 12,1:00PM ET,boxscore,L,,4-5,,Minnesota Vikings,30,38,24,394,313,81,1,21,406,304,102,2,5.61,-8.57,-1.00
11,Sun,November 19,1:00PM ET,boxscore,L,OT,4-6,@,New Orleans Saints,31,34,24,456,300,156,,27,535,375,160,1,18.03,-24.46,3.00
12,Thu,November 23,8:30PM ET,boxscore,W,,5-6,,New York Giants,20,10,17,323,201,122,1,7,170,86,84,1,-10.61,21.33,-2.42
13,Thu,November 30,8:25PM ET,boxscore,L,,5-7,@,Dallas Cowboys,14,38,15,280,224,56,4,21,275,93,182,,-4.45,-7.94,-8.49
14,Sun,December 10,4:05PM ET,boxscore,L,,5-8,@,Los Angeles Chargers,13,30,9,201,136,65,1,24,488,314,174,1,-12.06,-3.53,-1.67
15,Sun,December 17,1:00PM ET,boxscore,W,,6-8,,Arizona Cardinals,20,15,14,218,187,31,1,19,286,145,141,2,-6.74,19.03,-8.87
16,Sun,December 24,1:00PM ET,boxscore,W,,7-8,,Denver Broncos,27,11,19,386,299,87,2,18,330,171,159,3,1.10,11.39,2.62
17,Sun,December 31,1:00PM ET,boxscore,L,,7-9,@,New York Giants,10,18,10,197,136,61,3,17,381,121,260,1,-22.34,6.77,4.56
Giants,,,,,,,,,,,,,,,,,,,,,,,,
,,,,,,,,,,Score,Score,Offense,Offense,Offense,Offense,Offense,Defense,Defense,Defense,Defense,Defense,Expected Points,Expected Points,Expected Points
Week,Day,Date,,,,OT,Rec,,Opp,Tm,Opp,1stD,TotYd,PassY,RushY,TO,1stD,TotYd,PassY,RushY,TO,Offense,Defense,Sp. Tms
1,Sun,September 10,8:30PM ET,boxscore,L,,0-1,@,Dallas Cowboys,3,19,13,233,198,35,1,22,392,263,129,,-5.48,-10.62,2.73
2,Mon,September 18,8:30PM ET,boxscore,L,,0-2,,Detroit Lions,10,24,14,270,208,62,1,12,257,119,138,1,-9.08,5.01,-7.78
3,Sun,September 24,1:00PM ET,boxscore,L,,0-3,@,Philadelphia Eagles,24,27,21,415,366,49,2,24,354,161,193,1,5.70,-8.14,0.22
4,Sun,October 1,4:05PM ET,boxscore,L,,0-4,@,Tampa Bay Buccaneers,23,25,24,379,288,91,,20,434,323,111,,6.89,-10.37,1.22
5,Sun,October 8,1:00PM ET,boxscore,L,,0-5,,Los Angeles Chargers,22,27,18,335,183,152,2,21,382,258,124,1,-11.19,-0.75,4.17
6,Sun,October 15,8:30PM ET,boxscore,W,,1-5,@,Denver Broncos,23,10,12,266,118,148,,20,412,366,46,3,-5.11,8.80,7.37
7,Sun,October 22,4:25PM ET,boxscore,L,,1-6,,Seattle Seahawks,7,24,14,177,131,46,1,26,425,321,104,1,-15.66,-3.85,0.80
8,,,,,,,,,Bye Week,,,,,,,,,,,,,,,
9,Sun,November 5,1:00PM ET,boxscore,L,,1-7,,Los Angeles Rams,17,51,17,319,208,111,3,20,473,311,162,,-4.66,-24.14,-4.36
10,Sun,November 12,4:25PM ET,boxscore,L,,1-8,@,San Francisco 49ers,21,31,19,374,260,114,1,21,474,288,186,2,10.34,-14.95,-4.59
11,Sun,November 19,1:00PM ET,boxscore,W,OT,2-8,,Kansas City Chiefs,12,9,20,317,205,112,1,22,363,229,134,3,-3.28,5.37,-2.22
12,Thu,November 23,8:30PM ET,boxscore,L,,2-9,@,Washington Redskins,10,20,7,170,86,84,1,17,323,201,122,1,-21.33,10.61,2.42
13,Sun,December 3,4:25PM ET,boxscore,L,,2-10,@,Oakland Raiders,17,24,15,265,200,65,2,18,401,282,119,1,-5.60,-4.22,-0.84
14,Sun,December 10,1:00PM ET,boxscore,L,,2-11,,Dallas Cowboys,10,30,21,330,228,102,2,19,454,332,122,,-4.71,-18.33,5.19
15,Sun,December 17,1:00PM ET,boxscore,L,,2-12,,Philadelphia Eagles,29,34,27,504,429,75,1,22,341,233,108,,16.01,-11.85,-7.88
16,Sun,December 24,4:25PM ET,boxscore,L,,2-13,@,Arizona Cardinals,0,23,12,293,250,43,3,19,289,215,74,2,-26.57,5.11,-2.15
17,Sun,December 31,1:00PM ET,boxscore,W,,3-13,,Washington Redskins,18,10,17,381,121,260,1,10,197,136,61,3,-6.77,22.34,-4.56
Steelers,,,,,,,,,,,,,,,,,,,,,,,,
,,,,,,,,,,Score,Score,Offense,Offense,Offense,Offense,Offense,Defense,Defense,Defense,Defense,Defense,Expected Points,Expected Points,Expected Points
Week,Day,Date,,,,OT,Rec,,Opp,Tm,Opp,1stD,TotYd,PassY,RushY,TO,1stD,TotYd,PassY,RushY,TO,Offense,Defense,Sp. Tms
1,Sun,September 10,1:00PM ET,boxscore,W,,1-0,@,Cleveland Browns,21,18,16,290,255,35,1,20,237,180,57,1,0.73,-1.53,4.80
2,Sun,September 17,1:00PM ET,boxscore,W,,2-0,,Minnesota Vikings,26,9,22,335,233,102,,14,237,146,91,1,0.48,14.51,-3.84
3,Sun,September 24,1:00PM ET,boxscore,L,OT,2-1,@,Chicago Bears,17,23,19,282,212,70,2,18,306,84,222,2,1.44,2.54,-10.53
4,Sun,October 1,1:00PM ET,boxscore,W,,3-1,@,Baltimore Ravens,26,9,22,381,208,173,1,18,288,206,82,3,4.95,12.75,-0.23
5,Sun,October 8,1:00PM ET,boxscore,L,,3-2,,Jacksonville Jaguars,9,30,21,371,301,70,5,15,313,82,231,1,-18.08,-4.84,3.40
6,Sun,October 15,4:25PM ET,boxscore,W,,4-2,@,Kansas City Chiefs,19,13,23,439,245,194,1,12,251,223,28,,9.10,13.62,-13.13
7,Sun,October 22,4:25PM ET,boxscore,W,,5-2,,Cincinnati Bengals,29,14,21,420,268,152,,11,179,108,71,2,10.43,9.05,-4.14
8,Sun,October 29,8:30PM ET,boxscore,W,,6-2,@,Detroit Lions,20,15,17,392,317,75,2,21,482,411,71,1,7.88,-0.88,-0.42
9,,,,,,,,,Bye Week,,,,,,,,,,,,,,,
10,Sun,November 12,1:00PM ET,boxscore,W,,7-2,@,Indianapolis Colts,20,17,18,316,228,88,1,13,267,196,71,1,3.64,4.91,-5.48
11,Thu,November 16,8:25PM ET,boxscore,W,,8-2,,Tennessee Titans,40,17,25,349,284,65,,17,316,264,52,4,10.02,10.68,4.56
12,Sun,November 26,8:30PM ET,boxscore,W,,9-2,,Green Bay Packers,31,28,28,462,341,121,3,15,307,227,80,,15.40,-11.73,-0.77
13,Mon,December 4,8:30PM ET,boxscore,W,,10-2,@,Cincinnati Bengals,23,20,24,374,282,92,1,19,353,223,130,,15.00,-7.63,-4.37
14,Sun,December 10,8:30PM ET,boxscore,W,,11-2,,Baltimore Ravens,39,38,31,545,486,59,,26,413,261,152,1,25.48,-23.83,1.92
15,Sun,December 17,4:25PM ET,boxscore,L,,11-3,,New England Patriots,24,27,21,413,270,143,1,21,360,283,77,1,12.04,-15.30,0.66
16,Mon,December 25,4:30PM ET,boxscore,W,,12-3,@,Houston Texans,34,6,20,330,226,104,,13,227,51,176,2,16.63,11.08,0.91
17,Sun,December 31,1:00PM ET,boxscore,W,,13-3,,Cleveland Browns,28,24,20,348,224,124,2,17,374,272,102,2,0.88,-3.23,4.30
Ravens,,,,,,,,,,,,,,,,,,,,,,,,
,,,,,,,,,,Score,Score,Offense,Offense,Offense,Offense,Offense,Defense,Defense,Defense,Defense,Defense,Expected Points,Expected Points,Expected Points
Week,Day,Date,,,,OT,Rec,,Opp,Tm,Opp,1stD,TotYd,PassY,RushY,TO,1stD,TotYd,PassY,RushY,TO,Offense,Defense,Sp. Tms
1,Sun,September 10,1:00PM ET,boxscore,W,,1-0,@,Cincinnati Bengals,20,0,17,268,111,157,1,14,221,144,77,5,-3.67,29.26,-0.80
2,Sun,September 17,1:00PM ET,boxscore,W,,2-0,,Cleveland Browns,24,10,24,337,201,136,2,20,386,293,93,5,3.42,13.26,-2.88
3,Sun,September 24,9:30AM ET,boxscore,L,,2-1,@,Jacksonville Jaguars,7,44,12,186,52,134,3,24,410,244,166,,-23.82,-17.68,5.55
4,Sun,October 1,1:00PM ET,boxscore,L,,2-2,,Pittsburgh Steelers,9,26,18,288,206,82,3,22,381,208,173,1,-12.75,-4.95,0.23
5,Sun,October 8,4:05PM ET,boxscore,W,,3-2,@,Oakland Raiders,30,17,19,365,222,143,,15,245,137,108,1,11.25,7.57,-3.62
6,Sun,October 15,1:00PM ET,boxscore,L,OT,3-3,,Chicago Bears,24,27,16,291,166,125,3,18,342,111,231,2,-24.12,9.26,14.85
7,Sun,October 22,1:00PM ET,boxscore,L,,3-4,@,Minnesota Vikings,16,24,16,208,144,64,,17,357,188,169,1,-3.93,-2.80,0.59
8,Thu,October 26,8:25PM ET,boxscore,W,,4-4,,Miami Dolphins,40,0,19,295,121,174,,13,196,151,45,2,3.85,36.09,0.11
9,Sun,November 5,1:00PM ET,boxscore,L,,4-5,@,Tennessee Titans,20,23,24,341,268,73,2,14,257,186,71,1,0.66,-0.73,-4.00
10,,,,,,,,,Bye Week,,,,,,,,,,,,,,,
11,Sun,November 19,1:00PM ET,boxscore,W,,5-5,@,Green Bay Packers,23,0,14,219,161,58,1,16,265,190,75,5,-9.58,33.17,-0.79
12,Mon,November 27,8:30PM ET,boxscore,W,,6-5,,Houston Texans,23,16,17,294,155,139,,20,303,237,66,3,0.80,3.67,7.60
13,Sun,December 3,1:00PM ET,boxscore,W,,7-5,,Detroit Lions,44,20,24,370,269,101,,18,372,294,78,3,13.12,5.85,5.09
14,Sun,December 10,8:30PM ET,boxscore,L,,7-6,@,Pittsburgh Steelers,38,39,26,413,261,152,1,31,545,486,59,,23.83,-25.48,-1.92
15,Sun,December 17,1:00PM ET,boxscore,W,,8-6,@,Cleveland Browns,27,10,23,376,279,97,,15,266,136,130,4,4.51,16.05,-1.63
16,Sat,December 23,4:30PM ET,boxscore,W,,9-6,,Indianapolis Colts,23,16,23,323,220,103,,17,296,203,93,,9.41,-4.87,2.18
17,Sun,December 31,4:25PM ET,boxscore,L,,9-7,,Cincinnati Bengals,27,31,19,312,194,118,1,22,359,213,146,1,-12.91,-3.54,10.60
Bengals,,,,,,,,,,,,,,,,,,,,,,,,
,,,,,,,,,,Score,Score,Offense,Offense,Offense,Offense,Offense,Defense,Defense,Defense,Defense,Defense,Expected Points,Expected Points,Expected Points
Week,Day,Date,,,,OT,Rec,,Opp,Tm,Opp,1stD,TotYd,PassY,RushY,TO,1stD,TotYd,PassY,RushY,TO,Offense,Defense,Sp. Tms
1,Sun,September 10,1:00PM ET,boxscore,L,,0-1,,Baltimore Ravens,0,20,14,221,144,77,5,17,268,111,157,1,-29.26,3.67,0.80
2,Thu,September 14,8:25PM ET,boxscore,L,,0-2,,Houston Texans,9,13,12,295,213,82,1,14,266,98,168,,-17.23,7.16,7.54
3,Sun,September 24,4:25PM ET,boxscore,L,OT,0-3,@,Green Bay Packers,24,27,21,301,191,110,1,22,344,280,64,1,4.13,-3.02,-3.04
4,Sun,October 1,1:00PM ET,boxscore,W,,1-3,@,Cleveland Browns,31,7,25,350,264,86,1,16,215,170,45,1,13.73,9.03,1.92
5,Sun,October 8,1:00PM ET,boxscore,W,,2-3,,Buffalo Bills,20,16,18,388,323,65,3,17,221,139,82,1,-0.39,8.53,-3.60
6,,,,,,,,,Bye Week,,,,,,,,,,,,,,,
7,Sun,October 22,4:25PM ET,boxscore,L,,2-4,@,Pittsburgh Steelers,14,29,11,179,108,71,2,21,420,268,152,,-9.05,-10.43,4.14
8,Sun,October 29,1:00PM ET,boxscore,W,,3-4,,Indianapolis Colts,24,23,17,276,218,58,2,19,331,216,115,1,1.65,3.56,-3.58
9,Sun,November 5,1:00PM ET,boxscore,L,,3-5,@,Jacksonville Jaguars,7,23,8,148,119,29,,26,408,259,149,1,-6.25,-10.01,-1.48
10,Sun,November 12,1:00PM ET,boxscore,L,,3-6,@,Tennessee Titans,20,24,15,308,255,53,2,27,416,236,180,2,-4.44,-2.76,4.42
11,Sun,November 19,4:25PM ET,boxscore,W,,4-6,@,Denver Broncos,20,17,12,190,141,49,,20,341,229,112,2,-3.50,10.02,1.02
12,Sun,November 26,1:00PM ET,boxscore,W,,5-6,,Cleveland Browns,30,16,23,361,209,152,,21,405,236,169,,15.48,-8.19,5.93
13,Mon,December 4,8:30PM ET,boxscore,L,,5-7,,Pittsburgh Steelers,20,23,19,353,223,130,,24,374,282,92,1,7.63,-15.00,4.37
14,Sun,December 10,1:00PM ET,boxscore,L,,5-8,,Chicago Bears,7,33,14,234,164,70,2,29,482,250,232,,-11.40,-19.76,4.57
15,Sun,December 17,1:00PM ET,boxscore,L,,5-9,@,Minnesota Vikings,7,34,8,161,115,46,2,18,346,222,124,1,-26.85,-3.03,3.20
16,Sun,December 24,1:00PM ET,boxscore,W,,6-9,,Detroit Lions,26,17,28,364,222,142,1,15,276,189,87,1,7.59,2.71,0.91
17,Sun,December 31,4:25PM ET,boxscore,W,,7-9,@,Baltimore Ravens,31,27,22,359,213,146,1,19,312,194,118,1,3.54,12.91,-10.60
Browns,,,,,,,,,,,,,,,,,,,,,,,,
,,,,,,,,,,Score,Score,Offense,Offense,Offense,Offense,Offense,Defense,Defense,Defense,Defense,Defense,Expected Points,Expected Points,Expected Points
Week,Day,Date,,,,OT,Rec,,Opp,Tm,Opp,1stD,TotYd,PassY,RushY,TO,1stD,TotYd,PassY,RushY,TO,Offense,Defense,Sp. Tms
1,Sun,September 10,1:00PM ET,boxscore,L,,0-1,,Pittsburgh Steelers,18,21,20,237,180,57,1,16,290,255,35,1,1.53,-0.73,-4.80
2,Sun,September 17,1:00PM ET,boxscore,L,,0-2,@,Baltimore Ravens,10,24,20,386,293,93,5,24,337,201,136,2,-13.26,-3.42,2.88
3,Sun,September 24,1:00PM ET,boxscore,L,,0-3,@,Indianapolis Colts,28,31,25,346,235,111,3,16,335,243,92,1,2.85,-6.84,-0.67
4,Sun,October 1,1:00PM ET,boxscore,L,,0-4,,Cincinnati Bengals,7,31,16,215,170,45,1,25,350,264,86,1,-9.03,-13.73,-1.92
5,Sun,October 8,1:00PM ET,boxscore,L,,0-5,,New York Jets,14,17,22,419,279,140,3,14,212,178,34,1,0.76,4.16,-7.92
6,Sun,October 15,1:00PM ET,boxscore,L,,0-6,@,Houston Texans,17,33,16,247,113,134,3,18,340,217,123,1,-19.02,-1.49,-0.42
7,Sun,October 22,1:00PM ET,boxscore,L,OT,0-7,,Tennessee Titans,9,12,19,284,218,66,3,16,269,189,80,1,-16.43,13.07,0.40
8,Sun,October 29,9:30AM ET,boxscore,L,,0-8,,Minnesota Vikings,16,33,16,276,161,115,2,26,375,287,88,1,-4.53,-8.79,-0.63
9,,,,,,,,,Bye Week,,,,,,,,,,,,,,,
10,Sun,November 12,1:00PM ET,boxscore,L,,0-9,@,Detroit Lions,24,38,26,413,212,201,2,16,345,241,104,1,4.03,-10.64,-1.11
11,Sun,November 19,1:00PM ET,boxscore,L,,0-10,,Jacksonville Jaguars,7,19,11,184,134,50,5,15,284,145,139,1,-29.60,18.04,3.13
12,Sun,November 26,1:00PM ET,boxscore,L,,0-11,@,Cincinnati Bengals,16,30,21,405,236,169,,23,361,209,152,,8.19,-15.48,-5.93
13,Sun,December 3,4:05PM ET,boxscore,L,,0-12,@,Los Angeles Chargers,10,19,17,291,202,89,2,23,429,335,94,,0.51,-14.62,6.33
14,Sun,December 10,1:00PM ET,boxscore,L,OT,0-13,,Green Bay Packers,21,27,17,345,209,136,2,24,341,256,85,,10.15,-13.46,-2.42
15,Sun,December 17,1:00PM ET,boxscore,L,,0-14,,Baltimore Ravens,10,27,15,266,136,130,4,23,376,279,97,,-16.05,-4.51,1.63
16,Sun,December 24,1:00PM ET,boxscore,L,,0-15,@,Chicago Bears,3,20,12,254,178,76,3,16,258,161,97,,-16.99,-0.75,2.44
17,Sun,December 31,1:00PM ET,boxscore,L,,0-16,@,Pittsburgh Steelers,24,28,17,374,272,102,2,20,348,224,124,2,3.23,-0.88,-4.30
Vikings,,,,,,,,,,,,,,,,,,,,,,,,
,,,,,,,,,,Score,Score,Offense,Offense,Offense,Offense,Offense,Defense,Defense,Defense,Defense,Defense,Expected Points,Expected Points,Expected Points
Week,Day,Date,,,,OT,Rec,,Opp,Tm,Opp,1stD,TotYd,PassY,RushY,TO,1stD,TotYd,PassY,RushY,TO,Offense,Defense,Sp. Tms
1,Mon,September 11,7:10PM ET,boxscore,W,,1-0,,New Orleans Saints,29,19,23,470,341,129,,19,344,284,60,,24.38,-10.01,0.89
2,Sun,September 17,1:00PM ET,boxscore,L,,1-1,@,Pittsburgh Steelers,9,26,14,237,146,91,1,22,335,233,102,,-14.51,-0.48,3.84
3,Sun,September 24,1:00PM ET,boxscore,W,,2-1,,Tampa Bay Buccaneers,34,17,25,494,369,125,,20,342,316,26,3,22.43,-2.64,-1.80
4,Sun,October 1,1:00PM ET,boxscore,L,,2-2,,Detroit Lions,7,14,15,284,197,87,3,19,251,154,97,,-10.05,5.23,0.21
5,Mon,October 9,8:30PM ET,boxscore,W,,3-2,@,Chicago Bears,20,17,17,300,141,159,,16,274,159,115,2,2.14,3.39,-2.08
6,Sun,October 15,1:00PM ET,boxscore,W,,4-2,,Green Bay Packers,23,10,24,351,239,112,2,14,227,155,72,3,-4.65,17.19,-2.65
7,Sun,October 22,1:00PM ET,boxscore,W,,5-2,,Baltimore Ravens,24,16,17,357,188,169,1,16,208,144,64,,2.80,3.93,-0.59
8,Sun,October 29,9:30AM ET,boxscore,W,,6-2,@,Cleveland Browns,33,16,26,375,287,88,1,16,276,161,115,2,8.79,4.53,0.63
9,,,,,,,,,Bye Week,,,,,,,,,,,,,,,
10,Sun,November 12,1:00PM ET,boxscore,W,,7-2,@,Washington Redskins,38,30,21,406,304,102,2,24,394,313,81,1,8.57,-5.61,1.00
11,Sun,November 19,1:00PM ET,boxscore,W,,8-2,,Los Angeles Rams,24,7,27,451,280,171,,15,254,209,45,1,18.47,4.81,-5.97
12,Thu,November 23,12:30PM ET,boxscore,W,,9-2,@,Detroit Lions,30,23,28,408,272,136,,17,289,236,53,2,14.39,1.95,-5.37
13,Sun,December 3,1:00PM ET,boxscore,W,,10-2,@,Atlanta Falcons,14,9,22,312,207,105,,15,275,173,102,,5.93,0.67,1.97
14,Sun,December 10,1:00PM ET,boxscore,L,,10-3,@,Carolina Panthers,24,31,21,356,256,100,3,15,345,129,216,1,-32.26,43.46,-4.93
15,Sun,December 17,1:00PM ET,boxscore,W,,11-3,,Cincinnati Bengals,34,7,18,346,222,124,1,8,161,115,46,2,3.03,26.85,-3.20
16,Sat,December 23,8:30PM ET,boxscore,W,,12-3,@,Green Bay Packers,16,0,15,236,124,112,,12,239,126,113,2,-4.52,23.46,-3.17
17,Sun,December 31,1:00PM ET,boxscore,W,,13-3,,Chicago Bears,23,10,21,327,180,147,,12,201,171,30,,6.33,18.03,-13.52
Lions,,,,,,,,,,,,,,,,,,,,,,,,
,,,,,,,,,,Score,Score,Offense,Offense,Offense,Offense,Offense,Defense,Defense,Defense,Defense,Defense,Expected Points,Expected Points,Expected Points
Week,Day,Date,,,,OT,Rec,,Opp,Tm,Opp,1stD,TotYd,PassY,RushY,TO,1stD,TotYd,PassY,RushY,TO,Offense,Defense,Sp. Tms
1,Sun,September 10,1:00PM ET,boxscore,W,,1-0,,Arizona Cardinals,35,23,19,367,285,82,1,24,308,263,45,4,-6.69,18.14,1.34
2,Mon,September 18,8:30PM ET,boxscore,W,,2-0,@,New York Giants,24,10,12,257,119,138,1,14,270,208,62,1,-5.01,9.08,7.78
3,Sun,September 24,1:00PM ET,boxscore,L,,2-1,,Atlanta Falcons,26,30,21,324,253,71,,26,428,277,151,3,-0.21,-2.82,2.52
4,Sun,October 1,1:00PM ET,boxscore,W,,3-1,@,Minnesota Vikings,14,7,19,251,154,97,,15,284,197,87,3,-5.23,10.05,-0.21
5,Sun,October 8,1:00PM ET,boxscore,L,,3-2,,Carolina Panthers,24,27,19,242,192,50,1,16,362,334,28,,-2.13,-5.73,3.66
6,Sun,October 15,1:00PM ET,boxscore,L,,3-3,@,New Orleans Saints,38,52,18,347,281,66,5,19,379,186,193,3,-23.24,3.80,5.33
7,,,,,,,,,Bye Week,,,,,,,,,,,,,,,
8,Sun,October 29,8:30PM ET,boxscore,L,,3-4,,Pittsburgh Steelers,15,20,21,482,411,71,1,17,392,317,75,2,0.88,-7.88,0.42
9,Mon,November 6,8:30PM ET,boxscore,W,,4-4,@,Green Bay Packers,30,17,24,417,353,64,1,21,311,233,78,,20.08,-4.31,-2.77
10,Sun,November 12,1:00PM ET,boxscore,W,,5-4,,Cleveland Browns,38,24,16,345,241,104,1,26,413,212,201,2,10.64,-4.03,1.11
11,Sun,November 19,1:00PM ET,boxscore,W,,6-4,@,Chicago Bears,27,24,20,352,287,65,1,24,398,176,222,1,8.12,-11.16,6.16
12,Thu,November 23,12:30PM ET,boxscore,L,,6-5,,Minnesota Vikings,23,30,17,289,236,53,2,28,408,272,136,,-1.95,-14.39,5.37
13,Sun,December 3,1:00PM ET,boxscore,L,,6-6,@,Baltimore Ravens,20,44,18,372,294,78,3,24,370,269,101,,-5.85,-13.12,-5.09
14,Sun,December 10,1:00PM ET,boxscore,W,,7-6,@,Tampa Bay Buccaneers,24,21,21,434,381,53,3,28,400,267,133,5,7.76,-3.71,-0.42
15,Sat,December 16,4:30PM ET,boxscore,W,,8-6,,Chicago Bears,20,10,18,293,202,91,1,22,349,306,43,3,3.59,3.76,0.98
16,Sun,December 24,1:00PM ET,boxscore,L,,8-7,@,Cincinnati Bengals,17,26,15,276,189,87,1,28,364,222,142,1,-2.71,-7.59,-0.91
17,Sun,December 31,1:00PM ET,boxscore,W,,9-7,,Green Bay Packers,35,11,18,356,305,51,,17,256,153,103,4,12.64,11.12,1.82
Packers,,,,,,,,,,,,,,,,,,,,,,,,
,,,,,,,,,,Score,Score,Offense,Offense,Offense,Offense,Offense,Defense,Defense,Defense,Defense,Defense,Expected Points,Expected Points,Expected Points
Week,Day,Date,,,,OT,Rec,,Opp,Tm,Opp,1stD,TotYd,PassY,RushY,TO,1stD,TotYd,PassY,RushY,TO,Offense,Defense,Sp. Tms
1,Sun,September 10,4:25PM ET,boxscore,W,,1-0,,Seattle Seahawks,17,9,26,370,286,84,1,12,225,135,90,1,2.15,10.07,-2.55
2,Sun,September 17,8:30PM ET,boxscore,L,,1-1,@,Atlanta Falcons,23,34,24,367,308,59,2,19,364,223,141,,6.04,-14.10,-2.02
3,Sun,September 24,4:25PM ET,boxscore,W,OT,2-1,,Cincinnati Bengals,27,24,22,344,280,64,1,21,301,191,110,1,3.02,-4.13,3.04
4,Thu,September 28,8:25PM ET,boxscore,W,,3-1,,Chicago Bears,35,14,17,260,169,91,,20,308,205,103,4,11.46,7.46,1.68
5,Sun,October 8,4:25PM ET,boxscore,W,,4-1,@,Dallas Cowboys,35,31,25,342,182,160,1,26,408,245,163,3,23.19,-19.13,-2.23
6,Sun,October 15,1:00PM ET,boxscore,L,,4-2,@,Minnesota Vikings,10,23,14,227,155,72,3,24,351,239,112,2,-17.19,4.65,2.65
7,Sun,October 22,1:00PM ET,boxscore,L,,4-3,,New Orleans Saints,17,26,16,260,79,181,1,25,485,324,161,2,6.05,-18.40,0.03
8,,,,,,,,,Bye Week,,,,,,,,,,,,,,,
9,Mon,November 6,8:30PM ET,boxscore,L,,4-4,,Detroit Lions,17,30,21,311,233,78,,24,417,353,64,1,4.31,-20.08,2.77
10,Sun,November 12,1:00PM ET,boxscore,W,,5-4,@,Chicago Bears,23,16,18,342,182,160,,14,323,268,55,1,8.98,6.15,-6.09
11,Sun,November 19,1:00PM ET,boxscore,L,,5-5,,Baltimore Ravens,0,23,16,265,190,75,5,14,219,161,58,1,-33.17,9.58,0.79
12,Sun,November 26,8:30PM ET,boxscore,L,,5-6,@,Pittsburgh Steelers,28,31,15,307,227,80,,28,462,341,121,3,11.73,-15.40,0.77
13,Sun,December 3,1:00PM ET,boxscore,W,OT,6-6,,Tampa Bay Buccaneers,26,20,16,276,77,199,1,25,395,230,165,1,1.66,-0.18,4.00
14,Sun,December 10,1:00PM ET,boxscore,W,OT,7-6,@,Cleveland Browns,27,21,24,341,256,85,,17,345,209,136,2,13.46,-10.15,2.42
15,Sun,December 17,1:00PM ET,boxscore,L,,7-7,@,Carolina Panthers,24,31,24,384,264,120,4,29,387,236,151,,7.50,-17.49,1.31
16,Sat,December 23,8:30PM ET,boxscore,L,,7-8,,Minnesota Vikings,0,16,12,239,126,113,2,15,236,124,112,,-23.46,4.52,3.17
17,Sun,December 31,1:00PM ET,boxscore,L,,7-9,@,Detroit Lions,11,35,17,256,153,103,4,18,356,305,51,,-11.12,-12.64,-1.82
Bears,,,,,,,,,,,,,,,,,,,,,,,,
,,,,,,,,,,Score,Score,Offense,Offense,Offense,Offense,Offense,Defense,Defense,Defense,Defense,Defense,Expected Points,Expected Points,Expected Points
Week,Day,Date,,,,OT,Rec,,Opp,Tm,Opp,1stD,TotYd,PassY,RushY,TO,1stD,TotYd,PassY,RushY,TO,Offense,Defense,Sp. Tms
1,Sun,September 10,1:00PM ET,boxscore,L,,0-1,,Atlanta Falcons,17,23,20,301,176,125,,18,372,308,64,,4.93,-12.91,2.90
2,Sun,September 17,1:00PM ET,boxscore,L,,0-2,@,Tampa Bay Buccaneers,7,29,19,310,290,20,4,22,311,194,117,1,-12.80,-4.54,-3.35
3,Sun,September 24,1:00PM ET,boxscore,W,OT,1-2,,Pittsburgh Steelers,23,17,18,306,84,222,2,19,282,212,70,2,-2.54,-1.44,10.53
4,Thu,September 28,8:25PM ET,boxscore,L,,1-3,@,Green Bay Packers,14,35,20,308,205,103,4,17,260,169,91,,-7.46,-11.46,-1.68
5,Mon,October 9,8:30PM ET,boxscore,L,,1-4,,Minnesota Vikings,17,20,16,274,159,115,2,17,300,141,159,,-3.39,-2.14,2.08
6,Sun,October 15,1:00PM ET,boxscore,W,OT,2-4,@,Baltimore Ravens,27,24,18,342,111,231,2,16,291,166,125,3,-9.26,24.12,-14.85
7,Sun,October 22,1:00PM ET,boxscore,W,,3-4,,Carolina Panthers,17,3,5,153,85,68,,20,293,185,108,3,-10.91,25.20,-3.91
8,Sun,October 29,1:00PM ET,boxscore,L,,3-5,@,New Orleans Saints,12,20,17,307,150,157,1,19,387,286,101,2,-7.73,0.21,-2.47
9,,,,,,,,,Bye Week,,,,,,,,,,,,,,,
10,Sun,November 12,1:00PM ET,boxscore,L,,3-6,,Green Bay Packers,16,23,14,323,268,55,1,18,342,182,160,,-6.15,-8.98,6.09
11,Sun,November 19,1:00PM ET,boxscore,L,,3-7,,Detroit Lions,24,27,24,398,176,222,1,20,352,287,65,1,11.16,-8.12,-6.16
12,Sun,November 26,1:00PM ET,boxscore,L,,3-8,@,Philadelphia Eagles,3,31,8,140,134,6,2,24,420,244,176,3,-21.79,-8.35,0.54
13,Sun,December 3,1:00PM ET,boxscore,L,,3-9,,San Francisco 49ers,14,15,8,147,85,62,,23,388,278,110,1,-1.50,-4.45,3.02
14,Sun,December 10,1:00PM ET,boxscore,W,,4-9,@,Cincinnati Bengals,33,7,29,482,250,232,,14,234,164,70,2,19.76,11.40,-4.57
15,Sat,December 16,4:30PM ET,boxscore,L,,4-10,@,Detroit Lions,10,20,22,349,306,43,3,18,293,202,91,1,-3.76,-3.59,-0.98
16,Sun,December 24,1:00PM ET,boxscore,W,,5-10,,Cleveland Browns,20,3,16,258,161,97,,12,254,178,76,3,0.75,16.99,-2.44
17,Sun,December 31,1:00PM ET,boxscore,L,,5-11,@,Minnesota Vikings,10,23,12,201,171,30,,21,327,180,147,,-18.03,-6.33,13.52
Jaguars,,,,,,,,,,,,,,,,,,,,,,,,
,,,,,,,,,,Score,Score,Offense,Offense,Offense,Offense,Offense,Defense,Defense,Defense,Defense,Defense,Expected Points,Expected Points,Expected Points
Week,Day,Date,,,,OT,Rec,,Opp,Tm,Opp,1stD,TotYd,PassY,RushY,TO,1stD,TotYd,PassY,RushY,TO,Offense,Defense,Sp. Tms
1,Sun,September 10,1:00PM ET,boxscore,W,,1-0,@,Houston Texans,29,7,19,280,125,155,,23,203,110,93,4,5.46,24.86,-6.79
2,Sun,September 17,1:00PM ET,boxscore,L,,1-1,,Tennessee Titans,16,37,20,310,211,99,3,21,390,211,179,1,-5.77,-10.55,-3.70
3,Sun,September 24,9:30AM ET,boxscore,W,,2-1,,Baltimore Ravens,44,7,24,410,244,166,,12,186,52,134,3,17.68,23.82,-5.55
4,Sun,October 1,1:00PM ET,boxscore,L,OT,2-2,@,New York Jets,20,23,20,311,136,175,1,18,471,215,256,2,-9.03,6.10,0.61
5,Sun,October 8,1:00PM ET,boxscore,W,,3-2,@,Pittsburgh Steelers,30,9,15,313,82,231,1,21,371,301,70,5,4.84,18.08,-3.40
6,Sun,October 15,4:05PM ET,boxscore,L,,3-3,,Los Angeles Rams,17,27,19,389,220,169,1,12,249,107,142,1,1.87,10.07,-24.11
7,Sun,October 22,1:00PM ET,boxscore,W,,4-3,@,Indianapolis Colts,27,0,23,518,330,188,2,15,232,136,96,,14.70,17.46,-4.68
8,,,,,,,,,Bye Week,,,,,,,,,,,,,,,
9,Sun,November 5,1:00PM ET,boxscore,W,,5-3,,Cincinnati Bengals,23,7,26,408,259,149,1,8,148,119,29,,10.01,6.25,1.48
10,Sun,November 12,1:00PM ET,boxscore,W,OT,6-3,,Los Angeles Chargers,20,17,20,398,263,135,2,16,322,235,87,2,-4.12,10.33,-2.51
11,Sun,November 19,1:00PM ET,boxscore,W,,7-3,@,Cleveland Browns,19,7,15,284,145,139,1,11,184,134,50,5,-16.55,31.09,-3.13
12,Sun,November 26,4:25PM ET,boxscore,L,,7-4,@,Arizona Cardinals,24,27,19,219,128,91,3,20,344,236,108,2,-9.17,2.72,1.20
13,Sun,December 3,1:00PM ET,boxscore,W,,8-4,,Indianapolis Colts,30,10,22,426,330,96,,17,290,149,141,2,20.26,-0.16,-2.35
14,Sun,December 10,4:25PM ET,boxscore,W,,9-4,,Seattle Seahawks,30,24,20,424,268,156,1,17,401,260,141,3,9.61,-3.46,2.29
15,Sun,December 17,1:00PM ET,boxscore,W,,10-4,,Houston Texans,45,7,25,464,326,138,,9,186,99,87,1,22.61,18.07,-2.91
16,Sun,December 24,4:05PM ET,boxscore,L,,10-5,@,San Francisco 49ers,33,44,32,472,380,92,3,26,369,238,131,1,7.43,-18.97,-0.92
17,Sun,December 31,4:25PM ET,boxscore,L,,10-6,@,Tennessee Titans,10,15,13,229,146,83,4,11,232,116,116,1,-18.15,21.56,-10.19
